attendance,quiz1,quiz2,quiz3,quiz4,assignment1,assignment2,assignment3,assignment4,midterm,final_exam,pass_fail,needs_support
73.73,95.02,85.28,70.43,82.58,76.43,76.41,83.49,61.93,50.19,69.32,1,0
76.82,79.89,61.98,72.55,80.41,72.57,87.84,78.07,81.16,70.05,100.0,1,0
87.79,100.0,76.48,84.06,100.0,100.0,100.0,100.0,100.0,77.82,91.36,1,0
53.12,48.85,64.31,69.34,68.15,53.58,58.88,65.28,71.73,49.78,54.74,1,1
91.82,86.13,74.05,86.12,100.0,86.43,100.0,60.59,95.01,83.09,78.2,1,0
94.82,90.3,93.98,100.0,100.0,99.7,100.0,100.0,100.0,89.47,96.07,1,0
88.34,73.7,85.63,86.57,81.05,94.07,99.72,100.0,97.43,94.54,89.79,1,0
75.46,48.52,54.45,50.41,36.8,67.26,63.35,63.74,46.73,71.87,34.01,0,1
28.1,34.96,27.72,15.16,34.59,28.14,43.5,29.57,54.26,22.02,29.9,0,1
70.37,71.64,77.9,53.68,52.68,78.74,76.49,76.03,76.99,58.32,71.31,1,0
100.0,85.7,100.0,88.3,100.0,100.0,96.79,100.0,100.0,100.0,100.0,1,0
84.94,84.84,91.45,81.68,98.97,83.88,100.0,92.78,77.95,65.46,87.31,1,0
66.64,57.21,49.19,62.01,77.65,74.51,59.91,74.1,76.22,54.11,69.21,1,1
100.0,83.47,88.75,100.0,100.0,100.0,100.0,100.0,100.0,100.0,100.0,1,0
52.03,78.99,28.81,59.45,31.86,51.5,67.1,56.86,45.44,40.49,59.37,1,1
100.0,70.29,96.82,86.65,100.0,91.66,98.44,100.0,100.0,76.58,90.57,1,0
69.77,86.06,72.98,42.36,54.78,78.26,58.51,70.03,73.34,46.69,59.88,1,1
56.96,65.98,72.83,88.56,54.03,87.9,76.37,66.45,80.89,74.25,64.06,1,1
87.62,100.0,76.57,98.18,100.0,100.0,98.77,100.0,100.0,91.16,100.0,1,0
100.0,87.84,91.06,100.0,100.0,100.0,100.0,100.0,96.87,100.0,95.36,1,0
74.23,82.2,70.29,77.91,72.46,79.99,84.97,70.84,99.94,58.93,59.45,1,0
63.25,73.14,64.1,83.93,70.46,68.97,74.01,81.36,71.59,59.89,75.15,1,1
77.92,58.22,58.71,66.97,73.03,83.7,95.35,89.17,79.0,75.31,63.57,1,0
74.36,88.86,100.0,81.32,87.45,94.53,83.62,89.87,87.76,84.09,73.35,1,0
90.95,100.0,100.0,100.0,88.93,95.23,97.63,82.39,98.37,87.24,100.0,1,0
41.41,20.65,58.47,50.64,30.86,24.36,55.03,40.35,53.87,12.58,29.3,0,1
72.5,53.46,64.57,67.72,72.45,78.39,60.03,55.93,84.05,71.26,57.29,1,0
100.0,97.01,100.0,100.0,100.0,95.35,100.0,100.0,87.41,82.25,75.53,1,0
70.31,63.67,83.45,88.72,83.72,68.44,88.22,76.07,95.81,89.61,72.84,1,0
75.33,63.92,60.77,69.0,57.86,69.75,63.31,94.93,75.64,59.79,72.85,1,0
62.3,64.76,40.43,49.87,84.46,89.51,70.57,78.82,76.17,100.0,81.49,1,1
60.49,66.95,61.73,94.95,85.29,79.63,94.51,80.48,71.1,97.56,81.18,1,1
98.86,62.98,86.52,71.96,73.92,78.84,76.12,85.25,76.45,83.82,79.16,1,0
83.69,82.15,64.4,77.33,85.15,64.44,86.57,74.51,86.84,64.69,54.48,1,0
46.08,61.91,48.17,54.88,63.27,59.1,63.85,77.76,61.93,75.24,49.14,0,1
64.46,70.95,59.25,67.53,64.63,83.17,74.04,74.87,67.37,59.18,61.3,1,1
92.33,100.0,90.69,71.13,83.49,81.88,97.07,100.0,100.0,100.0,92.96,1,0
87.33,79.96,70.91,83.49,100.0,82.71,83.38,76.3,72.39,88.35,65.62,1,0
91.58,93.44,84.93,91.35,100.0,100.0,92.46,100.0,100.0,100.0,100.0,1,0
74.23,67.12,58.6,62.63,45.76,88.73,65.56,65.36,71.53,66.49,61.96,1,0
76.1,69.34,79.7,81.88,94.34,69.29,100.0,84.63,81.95,66.03,61.36,1,0
90.77,70.97,56.04,71.13,70.81,52.11,78.54,76.77,86.04,100.0,87.6,1,0
27.91,43.82,34.35,37.59,66.57,29.66,54.62,14.14,19.95,17.12,21.6,0,1
76.97,79.75,86.41,71.31,79.52,85.89,78.54,78.3,86.57,78.63,86.59,1,0
63.31,64.0,80.72,48.88,53.08,56.59,49.27,83.62,53.55,48.72,76.76,1,1
82.47,93.46,100.0,99.63,95.97,100.0,100.0,100.0,98.77,93.73,84.54,1,0
77.05,65.6,51.36,63.31,76.44,77.7,51.95,67.09,60.41,69.09,61.59,1,0
7.68,29.0,3.74,12.44,38.12,18.19,32.76,9.49,47.84,17.46,23.17,0,1
68.05,96.79,80.72,87.86,87.11,86.6,100.0,89.48,74.37,78.94,90.95,1,1
32.67,43.15,58.64,47.3,55.67,57.05,63.73,61.49,46.33,55.36,27.55,0,1
77.83,71.25,75.01,67.09,83.2,73.84,69.99,83.51,60.6,77.16,57.14,1,0
71.68,90.71,88.6,81.59,62.0,89.04,90.32,83.66,95.42,67.94,72.07,1,0
61.72,79.97,66.84,60.79,58.37,64.93,56.11,63.37,64.74,80.68,68.45,1,1
87.71,95.49,57.19,76.92,69.82,75.05,86.59,74.81,76.07,73.51,71.55,1,0
76.08,74.69,100.0,94.39,73.05,89.78,84.51,93.97,93.57,99.39,72.93,1,0
72.3,80.61,89.04,67.98,38.94,77.01,97.76,89.14,98.95,63.73,61.03,1,0
89.91,94.43,91.88,96.14,97.96,100.0,84.36,95.66,87.15,73.35,77.58,1,0
100.0,78.65,96.82,97.61,100.0,88.03,100.0,100.0,100.0,90.51,100.0,1,0
69.45,72.59,65.46,62.84,63.34,74.44,54.59,82.34,67.89,69.61,72.1,1,1
25.97,38.1,28.22,40.84,50.76,57.85,59.2,61.08,45.75,25.77,41.6,0,1
86.89,68.35,100.0,82.38,96.78,91.79,92.94,94.07,92.84,93.01,99.32,1,0
72.77,54.28,37.59,56.3,46.59,68.17,53.23,55.3,40.86,47.98,25.67,0,1
26.38,26.82,12.96,44.9,37.39,29.65,32.13,33.94,11.44,23.15,18.68,0,1
65.12,76.19,70.49,60.11,51.63,71.38,68.33,73.35,70.75,75.14,52.97,1,1
100.0,92.18,94.19,96.16,100.0,100.0,99.26,100.0,100.0,100.0,100.0,1,0
51.68,73.15,76.13,62.57,87.25,61.11,58.72,75.61,83.83,93.62,62.86,1,1
76.1,100.0,100.0,84.35,96.61,100.0,99.47,91.36,90.14,91.48,100.0,1,0
82.6,95.65,86.56,84.46,100.0,100.0,100.0,100.0,100.0,100.0,84.6,1,0
100.0,95.82,95.81,96.14,100.0,100.0,100.0,100.0,100.0,96.11,97.64,1,0
83.78,85.53,60.61,95.59,88.75,99.57,60.63,100.0,88.19,100.0,72.11,1,0
100.0,78.85,83.74,91.58,87.08,87.64,89.78,100.0,85.56,84.15,93.74,1,0
79.86,94.95,82.27,90.55,95.27,99.54,100.0,100.0,100.0,87.66,100.0,1,0
100.0,87.31,90.62,87.04,89.3,83.15,79.71,100.0,85.64,74.24,63.27,1,0
100.0,91.74,100.0,100.0,96.1,80.01,100.0,91.1,88.55,100.0,100.0,1,0
91.09,89.53,87.53,79.24,84.91,76.35,92.3,83.4,82.25,90.98,100.0,1,0
78.22,87.06,68.84,81.73,64.45,79.45,88.66,69.53,89.87,80.17,87.09,1,0
62.9,58.05,57.95,49.04,49.51,48.44,79.96,50.03,55.54,46.69,68.21,1,1
60.22,24.52,42.49,46.38,43.74,41.92,42.47,44.21,42.3,53.23,65.3,1,1
93.12,96.86,70.09,83.56,96.27,77.94,79.7,75.92,71.58,66.99,62.04,1,0
72.64,92.17,98.2,64.27,92.68,100.0,81.1,100.0,97.38,77.62,87.53,1,0
65.6,78.4,68.89,70.91,94.57,95.65,90.82,73.81,81.57,97.93,81.43,1,1
84.46,94.49,97.47,76.56,70.01,72.63,96.07,79.96,69.46,91.82,100.0,1,0
61.04,73.06,58.54,65.24,65.89,60.35,76.95,65.28,59.47,70.07,51.25,1,1
81.87,90.38,80.39,73.82,57.95,68.05,75.64,72.6,76.83,74.55,80.05,1,0
49.99,36.91,58.63,69.8,66.05,54.29,71.33,57.91,53.06,42.23,47.8,0,1
85.61,85.1,55.89,43.06,84.92,65.04,76.46,67.01,60.69,81.83,82.82,1,0
94.04,72.38,92.32,89.94,97.07,96.32,85.39,100.0,93.54,89.71,78.92,1,0
46.42,80.21,60.04,54.53,75.03,61.5,85.82,74.33,62.68,94.91,55.29,1,1
68.56,81.61,67.96,100.0,77.73,77.44,82.94,67.62,71.38,94.1,68.21,1,1
77.77,82.53,61.49,53.51,88.59,72.35,73.07,88.86,81.14,77.41,96.56,1,0
79.79,81.18,87.59,70.34,64.65,69.27,60.05,100.0,68.68,71.4,71.39,1,0
64.78,58.97,81.24,67.84,70.77,73.58,78.68,68.76,53.98,67.95,54.13,1,1
80.35,66.22,94.55,70.11,42.2,75.86,72.14,81.23,75.06,61.25,48.64,0,0
100.0,85.65,100.0,100.0,92.68,100.0,100.0,97.15,100.0,98.19,100.0,1,0
93.97,100.0,100.0,80.94,76.83,87.71,100.0,97.44,100.0,89.5,100.0,1,0
81.58,85.0,69.04,65.84,75.62,78.96,76.13,87.62,90.21,76.98,93.39,1,0
62.16,81.54,70.94,51.08,85.62,80.58,74.2,66.11,58.78,57.79,76.44,1,1
53.2,74.76,69.11,65.29,51.74,81.02,70.55,64.18,47.16,70.47,92.15,1,1
77.04,83.22,88.75,72.82,71.58,70.25,70.76,76.76,82.7,87.73,64.39,1,0
59.11,59.11,46.9,51.08,56.46,39.65,49.98,63.22,42.73,54.68,33.99,0,1
58.88,69.39,80.77,54.79,67.72,76.27,78.92,73.75,68.31,54.57,68.02,1,1
85.41,55.3,59.19,68.6,84.48,73.29,66.24,72.13,66.43,76.75,59.21,1,0
87.36,97.1,94.78,90.58,90.23,88.61,96.8,100.0,86.23,90.89,100.0,1,0
58.34,71.13,68.97,61.15,63.9,57.79,47.52,60.89,69.54,64.56,64.72,1,1
71.88,78.03,66.5,54.94,60.07,75.93,75.81,76.31,79.11,68.98,72.08,1,0
82.3,91.13,94.58,90.99,100.0,100.0,91.14,100.0,100.0,98.76,100.0,1,0
55.0,29.03,49.93,67.82,62.46,52.51,55.25,56.8,54.28,25.46,65.07,1,1
64.45,65.7,68.54,54.59,78.41,57.86,65.05,74.31,63.98,75.74,80.58,1,1
91.51,65.42,89.9,89.23,66.67,94.56,88.95,92.72,76.56,83.47,60.76,1,0
20.75,25.63,23.94,30.16,16.42,31.78,24.06,34.04,32.8,7.62,34.68,0,1
78.93,57.86,56.35,60.31,56.91,73.55,49.38,55.01,54.87,74.8,81.07,1,0
87.97,65.22,79.21,88.05,82.36,83.24,91.36,54.32,88.13,66.54,54.38,1,0
95.92,100.0,91.67,83.67,63.54,85.31,79.33,100.0,86.01,84.61,89.38,1,0
24.68,30.54,37.44,32.73,29.57,28.82,42.05,27.83,50.48,39.12,20.39,0,1
55.23,52.16,62.14,56.64,45.06,55.89,51.12,69.84,59.3,82.6,53.36,1,1
98.84,74.78,100.0,87.96,95.51,100.0,100.0,96.07,89.84,61.48,85.12,1,0
76.1,84.62,87.9,69.51,99.53,86.61,87.79,94.68,89.93,96.9,86.04,1,0
45.33,43.84,41.75,42.7,21.66,43.76,50.17,50.84,38.97,63.23,33.85,0,1
66.94,69.76,49.7,74.46,54.75,65.64,65.36,61.41,70.86,69.65,36.77,0,1
75.84,66.68,77.37,76.25,89.3,98.05,98.9,79.32,82.85,54.69,70.28,1,0
62.28,49.76,64.56,53.79,59.3,69.94,64.54,60.11,63.38,58.15,55.03,1,1
53.89,71.3,61.66,55.94,62.6,46.52,50.96,50.29,63.66,83.21,84.0,1,1
54.02,58.21,54.56,36.47,69.2,54.5,67.62,85.96,56.03,22.27,56.79,1,1
48.74,81.53,31.76,52.84,55.41,65.65,55.77,57.88,50.88,53.83,45.68,0,1
88.64,100.0,88.32,67.66,100.0,84.87,87.39,87.98,100.0,56.9,100.0,1,0
93.09,93.31,87.72,84.27,84.83,89.69,100.0,97.58,62.24,96.48,88.98,1,0
71.69,55.96,51.07,60.1,77.97,82.16,77.76,79.88,77.79,58.0,72.81,1,0
85.93,74.91,64.64,73.27,66.29,73.47,78.78,72.3,77.15,46.82,77.79,1,0
53.34,51.74,49.69,70.92,58.64,63.32,45.93,72.32,53.58,61.87,64.3,1,1
51.02,70.79,64.05,51.7,43.28,62.25,44.44,58.94,59.23,65.08,82.3,1,1
69.08,66.89,75.01,63.31,86.63,78.18,78.08,74.9,79.73,85.55,62.77,1,1
73.78,68.19,67.36,75.25,63.39,73.94,69.0,72.69,64.21,28.45,63.42,1,0
99.59,88.29,89.59,79.81,83.43,98.38,100.0,90.83,87.72,87.23,94.44,1,0
86.02,82.06,100.0,91.42,91.1,98.72,81.11,100.0,91.74,97.55,74.63,1,0
39.12,13.6,47.58,17.06,35.53,29.58,38.9,27.43,31.24,28.48,15.84,0,1
72.21,51.4,79.86,100.0,91.57,86.96,84.52,87.38,92.62,64.44,95.52,1,0
85.72,75.55,72.92,81.02,98.39,72.41,70.13,86.45,85.31,82.4,82.73,1,0
30.72,45.04,67.09,47.4,49.92,39.55,45.99,48.4,48.98,66.38,53.85,1,1
70.51,70.93,65.57,77.86,86.26,95.54,84.91,82.47,87.18,68.14,100.0,1,0
44.44,45.85,64.49,21.47,66.41,38.77,50.35,48.72,58.9,24.04,53.56,1,1
100.0,92.3,100.0,100.0,97.71,100.0,92.07,95.44,100.0,100.0,100.0,1,0
58.01,62.55,46.53,46.32,55.15,52.59,56.3,77.96,54.49,46.58,44.19,0,1
85.22,89.04,64.8,49.61,84.1,70.16,84.92,57.31,85.94,53.84,80.78,1,0
87.57,81.98,87.72,100.0,61.94,100.0,86.75,76.72,72.4,77.87,91.77,1,0
34.39,41.4,25.71,0.0,33.14,40.12,39.8,48.11,25.05,40.96,45.07,0,1
46.08,42.85,51.37,37.91,37.93,62.75,44.47,62.62,60.58,25.07,42.83,0,1
97.48,92.83,100.0,100.0,100.0,100.0,96.92,96.7,100.0,100.0,100.0,1,0
90.96,100.0,100.0,95.73,86.26,98.8,100.0,90.25,100.0,91.91,94.43,1,0
53.99,70.26,74.33,70.48,85.08,69.93,76.68,59.07,66.12,75.42,75.18,1,1
45.7,59.95,56.17,55.28,49.87,54.34,47.67,61.26,58.48,56.65,42.96,0,1
12.48,29.43,16.4,33.82,28.51,32.94,12.45,38.22,28.72,15.57,22.83,0,1
32.51,13.83,39.79,14.95,0.9,15.22,38.74,24.83,20.9,23.78,27.41,0,1
59.9,45.73,45.81,61.42,56.71,62.62,54.71,59.99,53.05,70.65,69.72,1,1
54.25,57.68,56.7,71.23,69.58,66.53,75.51,68.28,71.03,93.84,84.83,1,1
45.11,66.42,75.05,43.12,45.58,71.77,64.31,67.11,65.0,62.45,40.67,0,1
48.71,50.44,42.82,57.06,39.56,54.22,38.37,48.34,46.83,46.95,39.14,0,1
99.64,70.32,94.1,79.79,88.99,93.77,88.48,82.99,83.92,72.08,75.85,1,0
77.05,80.66,80.32,75.57,83.57,84.48,67.28,88.35,88.53,63.21,75.11,1,0
56.11,73.57,78.58,67.15,87.36,61.54,81.85,68.86,92.12,99.81,60.72,1,1
35.24,54.27,46.16,48.52,71.76,46.87,67.57,56.64,56.64,66.29,58.51,1,1
40.34,83.98,63.53,32.38,32.72,58.41,59.07,59.08,51.04,46.71,52.53,1,1
51.0,65.18,70.02,75.17,67.1,71.65,66.11,85.91,58.97,70.39,53.15,1,1
80.03,99.84,75.54,84.01,69.55,81.03,84.97,68.64,69.73,87.91,77.16,1,0
95.73,54.35,95.35,94.98,82.32,74.34,97.47,84.9,92.81,100.0,85.34,1,0
68.74,58.05,71.88,75.59,41.25,81.06,78.01,70.82,98.75,87.84,60.31,1,1
100.0,100.0,74.97,97.76,97.13,100.0,100.0,100.0,100.0,100.0,97.78,1,0
65.4,79.44,74.11,68.68,70.45,67.56,71.21,66.52,70.21,88.35,55.22,1,1
92.05,71.04,89.91,86.05,71.93,100.0,82.12,94.57,93.4,80.66,83.45,1,0
53.06,66.61,62.07,58.85,64.53,67.44,70.68,79.68,73.1,64.92,82.64,1,1
49.18,43.39,46.39,47.24,65.69,58.92,46.76,60.8,62.71,48.3,69.36,1,1
93.81,92.19,75.76,100.0,83.01,91.73,87.69,100.0,82.56,100.0,100.0,1,0
85.81,100.0,89.78,94.5,91.31,100.0,94.92,100.0,87.95,100.0,100.0,1,0
63.2,71.77,84.21,60.53,74.69,78.43,74.3,70.23,87.42,61.31,48.52,0,1
100.0,100.0,100.0,94.28,100.0,100.0,100.0,90.39,81.78,82.02,98.76,1,0
49.33,44.73,46.44,57.31,37.35,36.61,55.04,54.85,48.73,35.74,38.16,0,1
66.12,49.81,47.6,66.56,57.3,85.27,76.6,71.81,72.31,82.04,72.23,1,1
74.53,81.81,65.7,92.03,87.37,98.21,73.17,100.0,82.49,83.33,96.74,1,0
97.55,100.0,88.47,100.0,100.0,100.0,100.0,100.0,100.0,91.95,100.0,1,0
61.34,59.48,47.18,65.16,47.51,68.31,66.81,83.45,62.79,56.52,63.36,1,1
74.4,82.18,88.77,73.63,55.18,81.7,96.72,86.02,85.56,62.25,64.21,1,0
29.76,43.9,34.39,20.76,55.12,70.03,64.92,60.44,49.48,60.71,63.31,1,1
100.0,90.64,51.64,73.91,86.44,100.0,93.81,100.0,91.28,62.07,85.64,1,0
61.7,81.96,48.87,84.39,63.32,83.05,66.11,81.94,69.94,63.3,79.33,1,1
84.17,100.0,90.89,79.36,94.32,99.18,99.7,84.72,87.67,79.34,85.17,1,0
87.72,74.94,80.57,86.0,99.09,93.87,87.58,86.81,93.45,100.0,100.0,1,0
85.36,66.85,76.07,73.17,45.91,84.16,78.63,81.56,100.0,40.21,92.17,1,0
61.1,39.59,66.81,52.81,44.24,58.3,75.37,57.45,66.38,46.84,66.9,1,1
68.44,46.85,64.42,53.14,54.71,61.39,63.0,59.32,62.62,79.15,67.3,1,1
81.82,82.78,89.93,65.02,69.51,60.87,73.34,87.23,72.6,81.87,69.98,1,0
61.66,89.33,72.01,100.0,100.0,100.0,100.0,87.08,100.0,100.0,88.73,1,1
74.07,99.32,81.53,88.87,77.8,71.43,92.34,70.52,88.95,64.12,100.0,1,0
89.46,90.63,100.0,96.25,90.92,75.91,82.86,91.23,93.39,70.51,100.0,1,0
63.82,66.14,48.15,67.06,61.18,48.97,59.44,63.91,86.92,71.4,47.02,0,1
100.0,77.29,75.97,85.73,100.0,82.54,69.41,93.22,100.0,100.0,87.18,1,0
58.61,48.0,54.53,24.26,46.22,63.65,49.3,59.71,63.59,48.98,56.16,1,1
60.52,66.85,33.68,72.19,54.24,67.53,75.25,49.56,56.18,53.95,48.87,0,1
70.36,78.13,70.33,73.2,67.97,64.18,82.54,96.87,79.5,77.7,82.63,1,0
39.98,31.1,28.44,24.61,18.82,38.81,28.2,7.13,15.63,19.01,25.52,0,1
34.87,26.14,32.31,16.91,42.63,42.69,38.11,30.98,38.08,16.67,37.54,0,1
58.99,58.67,30.83,39.33,49.87,55.26,46.17,62.16,60.78,50.35,44.2,0,1
63.94,65.85,76.4,44.61,83.34,73.25,68.41,71.63,72.15,41.56,85.46,1,1
71.77,84.61,48.92,73.26,67.21,83.77,84.15,72.37,72.32,72.79,63.69,1,0
37.16,28.44,21.33,26.06,42.22,59.19,49.04,39.84,50.46,34.02,32.57,0,1
84.83,77.64,96.29,73.19,98.3,83.97,86.47,79.32,88.98,100.0,95.18,1,0
76.1,48.43,73.52,73.51,84.75,63.7,74.92,90.61,61.62,39.77,40.24,0,0
100.0,100.0,100.0,87.93,91.23,96.63,100.0,100.0,100.0,100.0,85.22,1,0
37.2,33.62,51.1,29.84,51.53,61.15,54.39,50.28,37.56,29.74,57.44,1,1
83.28,48.8,66.44,76.26,49.11,71.01,78.55,69.29,97.85,39.14,76.87,1,0
44.8,70.62,66.96,71.05,76.08,72.06,69.86,59.57,61.26,81.18,80.62,1,1
100.0,70.16,76.17,83.48,88.46,83.55,76.97,94.52,92.91,66.96,96.97,1,0
67.99,41.86,78.21,48.95,85.73,69.39,70.58,66.41,69.81,88.97,37.84,0,1
90.54,86.16,100.0,100.0,88.74,100.0,94.74,100.0,100.0,100.0,100.0,1,0
89.85,95.66,100.0,99.35,88.21,100.0,100.0,100.0,95.96,76.77,100.0,1,0
67.99,70.61,41.1,78.73,66.54,78.64,51.23,50.99,63.16,67.19,81.2,1,1
79.16,55.29,86.41,63.45,85.95,78.65,70.49,66.67,68.45,73.29,67.79,1,0
67.6,63.56,57.15,55.87,61.13,75.31,100.0,77.14,84.18,83.41,78.97,1,1
53.62,60.5,52.28,69.93,55.12,90.51,80.76,70.98,79.13,80.45,57.09,1,1
32.1,39.24,39.22,63.8,23.49,50.18,60.02,67.84,41.08,47.5,46.96,0,1
58.0,91.51,84.84,80.66,100.0,81.58,84.3,100.0,80.01,75.08,81.56,1,1
67.65,73.53,73.44,47.11,81.19,75.95,87.27,77.87,84.44,75.42,84.58,1,1
75.07,72.38,91.35,89.58,80.47,94.25,100.0,99.79,81.43,86.17,78.18,1,0
69.03,39.49,99.28,87.71,70.12,79.83,67.92,96.6,98.61,76.99,86.92,1,1
82.52,83.61,83.74,85.34,71.98,82.54,76.86,99.49,68.65,100.0,100.0,1,0
78.26,100.0,91.39,72.31,64.24,85.14,86.27,93.37,83.06,91.08,100.0,1,0
92.01,98.83,98.9,92.26,81.82,100.0,100.0,100.0,97.95,100.0,87.76,1,0
89.47,100.0,58.63,91.26,55.31,80.57,100.0,84.41,78.49,82.26,100.0,1,0
58.83,96.37,90.36,79.37,61.47,75.73,74.62,79.53,90.73,84.41,58.29,1,1
62.77,56.75,44.32,67.29,93.27,49.73,67.81,74.54,69.36,61.43,47.54,0,1
100.0,100.0,100.0,100.0,100.0,100.0,100.0,100.0,100.0,80.95,100.0,1,0
100.0,100.0,85.33,100.0,84.48,98.04,95.82,100.0,100.0,100.0,100.0,1,0
92.2,86.16,79.4,72.24,73.5,100.0,87.13,94.95,79.22,70.43,95.11,1,0
67.41,71.76,72.26,51.62,60.04,80.4,77.4,54.72,71.96,33.78,64.01,1,1
63.88,77.37,62.6,67.38,79.14,79.43,77.88,71.82,78.91,68.35,75.7,1,1
48.51,62.75,62.2,69.04,54.47,68.73,70.15,69.09,56.39,61.89,64.02,1,1
83.94,95.7,94.97,100.0,76.13,100.0,100.0,94.8,99.61,100.0,100.0,1,0
46.38,62.18,46.88,34.45,43.16,54.67,65.18,58.92,44.38,85.16,51.06,1,1
100.0,100.0,96.22,93.14,100.0,100.0,100.0,100.0,100.0,86.26,89.96,1,0
74.34,56.71,58.15,77.32,48.35,89.07,77.36,100.0,100.0,71.22,72.67,1,0
55.52,55.65,62.53,35.3,21.9,63.27,46.41,34.51,56.14,61.59,48.23,0,1
66.32,64.97,63.12,49.16,58.93,44.34,67.89,80.39,51.36,52.32,65.06,1,1
100.0,92.19,88.6,92.73,88.73,85.73,100.0,96.12,94.04,74.23,100.0,1,0
66.3,52.64,79.56,51.92,59.16,58.14,78.04,77.39,75.63,58.26,59.83,1,1
100.0,94.27,82.28,90.32,84.35,92.31,88.98,90.59,94.35,72.33,75.04,1,0
78.79,74.07,50.04,81.52,83.39,68.72,82.86,70.09,79.64,54.69,52.14,1,0
68.69,65.46,68.19,57.96,80.06,59.24,75.88,82.82,75.81,62.96,59.66,1,1
100.0,88.38,96.28,92.63,91.48,100.0,91.28,100.0,100.0,100.0,94.44,1,0
88.93,95.61,98.18,83.25,100.0,97.76,100.0,100.0,97.11,99.89,97.41,1,0
100.0,87.89,98.16,69.53,88.1,80.24,76.44,83.82,100.0,100.0,89.13,1,0
22.73,30.87,38.07,5.28,29.69,38.07,45.13,43.57,42.46,19.64,8.74,0,1
81.8,79.84,79.25,68.02,73.13,96.38,70.27,95.84,76.47,94.57,57.81,1,0
91.55,82.01,98.9,98.95,100.0,100.0,100.0,100.0,100.0,94.8,80.66,1,0
95.49,76.71,92.93,98.92,100.0,100.0,100.0,96.47,99.75,100.0,74.87,1,0
49.35,68.31,84.22,79.71,78.4,75.46,65.47,83.41,69.91,100.0,80.1,1,1
96.58,85.93,100.0,95.31,100.0,93.63,100.0,100.0,80.82,100.0,100.0,1,0
93.6,97.76,100.0,98.5,79.09,100.0,100.0,100.0,85.45,95.33,66.7,1,0
92.25,79.73,94.34,76.29,100.0,84.35,100.0,84.22,100.0,100.0,100.0,1,0
50.56,12.18,37.07,38.77,52.23,49.86,35.57,39.78,51.62,43.44,37.68,0,1
75.82,67.83,99.46,81.91,86.23,87.24,92.45,100.0,100.0,100.0,73.06,1,0
97.78,99.73,91.73,100.0,100.0,88.84,100.0,100.0,100.0,100.0,100.0,1,0
75.47,61.28,75.99,91.06,78.9,88.14,76.15,86.02,81.31,59.25,77.34,1,0
67.1,63.42,48.1,38.11,54.82,57.1,62.69,57.93,41.48,50.73,52.89,1,1
97.76,100.0,100.0,100.0,95.35,94.01,100.0,100.0,100.0,100.0,87.62,1,0
55.39,79.39,73.81,62.43,66.1,65.24,81.74,66.17,70.5,80.37,53.85,1,1
73.48,86.93,79.91,85.09,90.74,100.0,99.46,100.0,86.43,79.17,100.0,1,0
68.91,54.87,51.54,55.52,60.25,70.11,61.24,67.38,77.58,61.91,59.93,1,1
61.84,69.08,43.11,85.33,66.5,77.68,76.73,87.12,55.88,71.18,83.25,1,1
72.05,91.67,66.41,67.72,79.09,76.83,65.28,77.96,77.58,88.21,61.91,1,0
78.7,100.0,89.87,100.0,71.29,100.0,100.0,94.24,93.73,100.0,99.92,1,0
59.58,58.65,58.84,71.81,62.96,80.42,46.93,66.91,64.22,66.63,64.02,1,1
100.0,100.0,91.48,100.0,75.61,78.34,100.0,100.0,100.0,76.66,100.0,1,0
71.47,50.58,63.96,39.15,43.76,77.26,59.44,77.44,62.13,30.28,68.62,1,1
80.54,64.49,57.89,71.48,61.11,65.67,52.66,65.92,73.93,46.04,75.67,1,0
93.9,96.09,100.0,100.0,72.87,90.6,100.0,100.0,96.58,76.43,83.86,1,0
52.3,73.78,30.52,62.57,60.34,45.87,55.69,49.09,55.52,71.3,55.93,1,1
58.99,75.55,42.75,48.41,62.59,56.23,58.15,61.84,52.42,46.46,69.52,1,1
70.42,71.08,100.0,82.18,83.01,87.85,100.0,76.34,82.83,79.26,61.14,1,0
88.27,71.47,100.0,100.0,100.0,100.0,100.0,100.0,95.92,66.42,100.0,1,0
19.38,38.04,39.24,22.91,25.19,35.58,33.04,42.95,38.01,43.8,46.83,0,1
80.46,73.66,82.49,31.96,63.03,63.63,65.62,58.82,70.83,34.74,66.71,1,0
100.0,100.0,100.0,100.0,95.13,98.83,100.0,100.0,100.0,100.0,92.52,1,0
47.27,42.08,53.22,50.19,60.02,62.27,52.58,40.34,43.64,42.98,57.04,1,1
86.73,78.29,62.29,91.46,70.0,84.4,83.28,86.27,62.05,73.94,92.46,1,0
71.15,75.68,86.39,77.55,72.86,89.04,71.34,78.6,89.33,82.31,68.77,1,0
67.82,84.09,77.1,45.66,72.35,71.75,62.2,78.29,70.02,62.66,71.43,1,1
62.17,30.72,60.19,68.0,69.91,61.43,45.65,62.52,47.53,46.08,55.82,1,1
87.89,84.14,77.7,80.97,76.87,78.72,83.2,60.53,76.21,68.0,70.17,1,0
99.38,90.6,85.21,86.26,90.79,100.0,83.38,100.0,100.0,77.5,100.0,1,0
63.59,58.11,82.07,74.54,81.66,89.02,84.77,88.69,81.42,59.31,89.81,1,1
71.03,75.15,84.28,84.34,69.38,80.28,95.9,90.12,100.0,97.86,93.89,1,0
56.16,52.72,36.17,55.62,39.06,53.88,48.68,49.52,59.37,31.11,70.05,1,1
74.64,67.59,68.11,73.73,66.03,87.73,82.19,82.53,64.14,67.61,65.19,1,0
57.53,29.58,42.97,49.84,33.49,53.86,33.05,59.86,45.48,31.39,36.75,0,1
87.23,62.23,79.01,71.54,57.21,73.97,81.87,72.15,85.96,84.35,80.06,1,0
72.16,93.78,95.77,90.54,100.0,100.0,100.0,96.71,100.0,100.0,100.0,1,0
66.07,69.41,51.11,61.99,36.94,80.6,61.05,66.74,63.08,78.37,27.13,0,1
69.53,66.09,76.95,53.8,53.01,77.77,71.06,51.36,61.42,67.61,71.86,1,1
69.81,47.63,49.52,83.98,50.39,43.58,60.14,55.6,60.99,50.32,78.91,1,1
59.0,93.39,59.81,76.36,64.23,61.52,75.09,77.12,78.7,28.78,53.29,1,1
68.37,67.84,71.45,77.82,44.97,56.17,73.03,75.36,57.31,47.9,51.23,1,1
56.69,62.88,64.84,53.53,53.83,65.87,49.67,74.23,77.49,50.25,54.85,1,1
62.81,64.48,64.7,51.25,52.35,70.6,64.17,51.13,81.64,72.58,58.36,1,1
42.59,88.27,53.44,62.9,63.34,87.89,67.04,83.81,71.99,48.49,64.54,1,1
92.21,77.03,47.33,86.07,77.88,93.35,100.0,100.0,87.88,72.13,91.54,1,0
94.83,75.91,90.92,67.81,92.36,78.33,90.6,98.22,85.99,67.55,88.95,1,0
50.19,58.81,50.57,57.59,62.91,51.69,22.21,46.78,67.05,49.46,45.89,0,1
42.61,60.73,34.48,39.56,32.66,43.07,29.36,44.42,47.76,41.23,69.07,1,1
70.88,69.75,98.47,76.39,87.43,75.18,83.91,81.12,77.73,96.81,62.82,1,0
58.72,82.01,67.77,52.18,76.28,71.13,56.04,76.44,83.18,87.35,63.58,1,1
67.39,69.92,65.48,58.11,78.47,96.51,78.51,71.68,82.36,84.33,73.62,1,1
100.0,93.33,97.49,100.0,88.52,100.0,94.39,100.0,98.4,100.0,83.6,1,0
35.73,42.88,41.6,56.15,72.2,57.44,41.54,41.13,54.75,15.82,37.29,0,1
100.0,86.66,100.0,100.0,98.3,100.0,96.57,94.98,96.99,100.0,98.65,1,0
65.25,55.13,75.32,67.49,72.33,70.71,92.47,73.76,76.06,81.04,58.86,1,1
51.01,55.84,48.38,62.77,75.12,45.52,65.26,72.7,59.92,42.16,64.18,1,1
52.79,68.55,72.01,74.76,63.27,60.6,64.15,59.1,68.66,60.47,89.91,1,1
92.09,96.18,98.6,93.93,90.44,92.98,85.0,100.0,100.0,100.0,78.82,1,0
100.0,95.3,79.91,98.95,100.0,97.9,100.0,95.22,84.57,88.64,97.19,1,0
88.95,70.34,69.89,44.66,71.96,96.7,62.89,74.09,88.0,44.94,72.48,1,0
100.0,100.0,100.0,100.0,100.0,100.0,100.0,100.0,98.31,96.63,89.47,1,0
69.21,82.53,74.21,59.95,64.5,72.97,94.72,94.21,78.16,94.69,74.2,1,1
51.41,57.22,66.41,58.52,57.48,66.9,68.63,61.34,57.22,59.8,37.83,0,1
20.4,5.12,26.15,32.12,26.36,23.37,27.58,34.27,20.57,20.71,17.17,0,1
26.65,36.66,53.17,28.83,34.9,22.06,33.43,21.01,44.36,47.55,32.41,0,1
83.38,69.31,58.74,68.72,51.16,66.49,80.41,81.25,82.05,74.03,65.67,1,0
78.01,96.4,100.0,93.54,100.0,91.58,100.0,100.0,73.39,89.05,86.77,1,0
89.46,79.61,84.94,74.09,82.84,70.33,77.42,81.39,69.65,64.96,81.17,1,0
93.29,100.0,92.03,98.96,86.62,99.29,91.98,80.98,93.7,71.3,100.0,1,0
37.73,27.29,59.06,68.66,41.25,38.5,51.82,45.7,48.57,59.23,49.46,0,1
60.46,65.49,70.08,68.94,64.32,83.16,74.66,64.32,64.39,55.46,71.42,1,1
52.29,30.19,43.08,56.19,29.64,53.5,48.91,31.76,50.5,31.74,30.29,0,1
29.69,55.36,26.6,31.86,24.72,46.07,57.19,33.52,22.9,54.87,57.15,1,1
29.48,20.63,49.26,39.51,40.41,36.14,34.34,17.81,40.08,58.94,26.68,0,1
88.96,84.45,98.32,100.0,65.81,100.0,92.37,100.0,98.56,87.24,95.44,1,0
57.82,29.56,50.62,61.53,52.64,37.04,75.72,64.2,66.95,50.41,63.89,1,1
100.0,94.74,98.16,86.81,80.48,96.72,100.0,91.94,94.77,100.0,86.43,1,0
68.75,82.55,66.2,64.66,54.44,72.73,69.61,73.75,83.88,46.88,49.06,0,1
60.91,73.05,63.14,57.07,60.24,79.84,76.11,82.18,76.11,43.33,92.87,1,1
100.0,69.05,100.0,81.05,97.33,100.0,100.0,100.0,100.0,86.14,100.0,1,0
89.09,75.7,78.12,57.18,72.36,76.52,65.73,72.25,58.94,63.75,80.63,1,0
86.61,81.33,87.05,100.0,77.4,89.7,100.0,95.14,95.96,74.73,88.35,1,0
74.64,82.37,68.95,97.18,100.0,93.9,85.68,85.97,92.76,86.22,100.0,1,0
87.73,95.34,81.34,69.92,96.36,80.38,91.97,89.12,87.78,77.06,91.81,1,0
23.59,23.77,34.81,21.88,9.56,8.46,21.02,4.93,18.23,15.12,11.23,0,1
60.82,64.04,32.33,44.61,67.25,52.21,58.28,73.81,55.77,46.82,52.51,1,1
77.59,58.12,79.23,69.18,71.29,67.15,71.99,65.69,65.21,76.65,66.73,1,0
85.57,56.93,80.13,71.64,67.1,81.62,80.27,71.53,71.07,51.04,78.32,1,0
84.76,70.77,59.66,72.26,82.71,73.92,89.45,72.96,74.33,59.98,83.87,1,0
33.1,73.15,61.76,34.94,46.33,64.6,55.67,76.75,73.0,69.21,32.56,0,1
64.64,55.28,71.38,77.99,76.96,72.41,93.78,85.19,72.78,61.56,84.85,1,1
64.07,80.63,83.71,100.0,95.35,83.03,92.75,97.12,89.72,75.05,77.47,1,1
100.0,74.43,100.0,100.0,100.0,100.0,100.0,100.0,91.26,100.0,100.0,1,0
45.29,6.26,52.19,28.33,39.35,44.4,45.57,38.83,41.17,37.55,25.65,0,1
72.37,64.68,51.35,62.44,49.33,60.48,63.79,55.2,52.52,72.73,61.74,1,0
43.46,60.02,49.91,33.0,45.08,60.09,52.48,48.23,57.99,73.95,55.21,1,1
93.81,67.8,71.31,100.0,81.22,99.63,100.0,69.19,100.0,97.07,100.0,1,0
83.83,72.85,82.53,73.87,51.21,47.08,80.38,75.65,82.27,69.5,97.5,1,0
44.56,56.63,51.0,43.26,80.44,50.9,61.81,53.71,64.71,37.62,66.82,1,1
85.27,60.58,45.14,74.76,66.08,73.41,64.99,59.54,79.99,68.18,46.06,0,0
94.66,100.0,97.27,79.73,98.55,97.2,100.0,100.0,100.0,80.62,93.59,1,0
77.2,80.14,100.0,72.59,77.45,70.55,89.17,87.03,97.93,94.73,82.27,1,0
68.08,53.5,87.04,78.03,67.21,81.47,76.79,89.23,56.75,65.09,90.23,1,1
55.36,68.63,70.9,52.74,68.88,85.91,73.27,79.6,79.67,72.0,63.72,1,1
56.04,72.02,65.28,72.26,63.78,44.43,80.12,89.02,81.16,10.23,68.73,1,1
54.19,61.78,56.36,42.23,48.76,53.3,43.51,46.96,58.57,77.03,49.25,0,1
47.26,46.09,37.89,39.89,51.96,46.26,47.79,49.15,43.5,43.28,20.18,0,1
81.87,65.89,47.42,72.27,70.61,70.61,72.73,75.5,77.68,73.86,66.45,1,0
24.19,35.99,47.23,28.02,36.58,21.37,31.74,34.36,46.44,45.43,39.75,0,1
87.77,98.24,59.89,81.11,100.0,82.64,80.99,79.28,84.74,86.16,59.9,1,0
46.6,59.7,35.75,49.48,67.23,53.87,41.58,63.21,54.77,52.84,46.87,0,1
55.94,62.04,52.94,52.44,50.42,70.85,50.73,68.48,43.0,63.95,70.03,1,1
98.84,41.99,66.73,50.3,92.89,73.06,73.96,80.11,75.63,61.77,55.6,1,0
86.37,41.15,66.43,81.54,65.74,48.86,59.33,75.52,75.16,77.33,57.87,1,0
98.58,89.89,100.0,100.0,92.21,100.0,100.0,95.54,87.36,100.0,100.0,1,0
53.08,55.83,78.21,56.99,52.78,93.92,59.06,71.75,74.67,89.9,47.83,0,1
57.64,85.57,55.89,37.16,57.24,69.09,82.53,59.12,59.32,81.11,50.2,1,1
74.69,60.59,55.02,86.08,77.2,94.02,84.18,63.66,77.31,56.11,51.52,1,0
98.57,79.73,100.0,97.26,83.31,90.53,100.0,100.0,100.0,100.0,100.0,1,0
100.0,83.72,60.26,76.04,81.94,78.16,63.5,88.16,81.29,100.0,85.35,1,0
78.13,69.76,62.46,73.08,73.31,92.15,73.87,61.62,71.09,76.36,79.19,1,0
48.29,32.69,38.94,34.4,75.53,48.61,37.43,59.05,59.4,67.7,65.89,1,1
65.79,64.2,42.89,35.47,41.24,56.81,62.42,54.59,68.11,48.16,59.16,1,1
86.6,97.4,100.0,100.0,100.0,100.0,97.3,100.0,100.0,100.0,98.7,1,0
56.1,38.75,58.61,55.97,65.33,70.3,59.11,47.81,49.87,79.6,55.16,1,1
84.11,60.04,78.4,59.87,71.3,86.12,69.47,85.31,64.73,91.87,66.75,1,0
59.91,72.41,92.18,76.72,64.86,86.25,85.37,100.0,91.9,83.57,89.85,1,1
31.96,29.57,26.44,34.92,32.55,33.93,31.05,19.02,30.83,25.39,34.89,0,1
57.67,60.53,61.72,63.42,48.44,77.32,53.24,57.88,69.74,60.28,24.9,0,1
80.12,59.98,80.24,70.2,89.48,100.0,88.67,78.09,96.5,77.34,57.39,1,0
96.59,100.0,100.0,100.0,89.99,100.0,94.28,100.0,100.0,100.0,94.67,1,0
40.68,45.76,44.46,52.51,52.02,66.37,58.98,61.68,62.63,57.33,62.09,1,1
96.68,92.36,97.12,76.41,91.78,87.31,99.72,87.36,91.17,61.54,75.54,1,0
35.07,47.31,24.27,37.25,32.53,56.52,52.31,35.36,45.66,31.1,54.09,1,1
69.19,90.67,56.82,78.89,54.81,61.46,74.15,74.09,45.55,86.26,43.2,0,1
62.14,48.58,81.26,76.15,59.9,64.61,63.6,67.33,73.93,57.28,60.5,1,1
50.29,68.35,43.77,77.73,51.27,54.32,68.41,89.16,79.16,38.21,50.93,1,1
44.95,72.59,56.6,66.89,45.53,58.24,72.41,57.81,70.49,60.07,41.78,0,1
40.46,18.17,19.31,21.87,34.74,42.1,31.11,56.09,33.23,20.31,41.93,0,1
100.0,77.66,93.95,100.0,80.74,95.73,94.14,100.0,100.0,100.0,94.44,1,0
27.62,33.63,16.1,27.17,19.31,26.84,3.8,26.46,38.37,14.21,24.31,0,1
88.92,72.37,85.6,86.08,87.34,67.69,94.7,78.93,81.05,100.0,83.25,1,0
78.32,98.63,90.91,79.74,85.33,80.63,88.03,87.37,96.32,96.14,87.56,1,0
53.0,63.08,49.96,37.65,52.84,58.29,59.02,66.36,67.35,43.24,44.76,0,1
61.22,52.62,51.79,32.27,54.7,42.26,40.22,48.09,45.7,43.23,29.26,0,1
46.88,27.37,47.38,36.27,37.44,40.24,54.22,29.7,48.17,53.61,45.69,0,1
99.92,95.35,100.0,94.1,83.05,99.83,100.0,100.0,100.0,100.0,83.7,1,0
79.98,86.1,83.89,73.32,83.07,87.99,87.78,89.75,90.19,77.94,99.7,1,0
61.13,28.86,50.96,79.53,35.24,38.96,43.79,67.77,70.03,46.09,61.98,1,1
45.06,46.22,47.07,62.75,64.62,52.61,65.31,57.9,54.97,62.93,50.19,1,1
76.2,94.13,100.0,88.43,88.84,100.0,84.16,100.0,100.0,75.0,80.85,1,0
19.62,43.61,41.39,24.06,36.85,38.36,52.36,27.21,36.01,22.92,33.07,0,1
67.78,61.19,60.05,69.42,65.58,51.35,73.57,59.24,53.67,37.82,60.25,1,1
61.32,89.56,73.81,61.61,66.84,86.75,82.17,58.64,62.86,55.88,62.33,1,1
39.37,27.48,33.5,31.37,57.51,43.57,51.8,46.75,37.86,43.03,52.75,1,1
28.48,39.67,25.34,33.76,29.53,39.6,14.5,20.01,44.47,48.86,22.38,0,1
56.82,66.46,73.1,85.53,100.0,79.81,68.02,86.12,95.3,78.71,66.21,1,1
99.27,86.65,83.15,100.0,72.93,96.83,78.75,100.0,89.87,100.0,93.34,1,0
22.39,27.2,17.01,45.76,27.18,3.42,33.84,26.97,29.7,19.92,35.14,0,1
70.79,85.76,84.33,97.3,93.88,76.96,92.02,74.3,90.77,71.06,66.53,1,0
96.31,81.05,90.19,100.0,100.0,100.0,100.0,100.0,97.53,95.79,83.17,1,0
64.44,48.66,68.64,50.72,59.47,70.73,54.05,58.16,68.87,48.99,35.13,0,1
100.0,85.75,80.96,96.1,71.54,95.18,100.0,95.36,82.62,100.0,94.3,1,0
71.24,100.0,75.55,60.94,98.96,82.98,81.94,70.37,100.0,63.68,83.72,1,0
65.03,53.71,65.6,71.34,74.71,55.89,90.12,75.83,68.14,79.5,91.54,1,1
27.46,29.92,25.07,17.68,0.94,34.27,45.09,24.63,34.94,2.02,31.02,0,1
66.41,74.93,54.6,65.58,69.85,64.35,93.31,66.81,68.65,55.67,91.93,1,1
89.56,84.01,97.06,86.46,100.0,85.31,100.0,96.89,100.0,100.0,85.44,1,0
79.3,73.49,85.96,93.17,96.97,95.94,86.88,97.23,94.78,100.0,97.86,1,0
84.18,90.08,80.88,81.69,83.22,81.34,77.24,68.94,79.55,88.6,73.06,1,0
90.25,65.42,69.09,93.27,77.22,61.78,69.98,81.48,72.35,72.78,79.37,1,0
100.0,76.44,100.0,100.0,99.03,100.0,100.0,100.0,100.0,100.0,70.09,1,0
51.7,54.03,23.25,35.62,25.69,45.01,43.95,46.97,42.18,77.89,21.52,0,1
36.38,34.14,51.82,39.52,43.44,59.54,42.94,47.95,54.26,16.48,16.98,0,1
79.91,85.43,100.0,56.38,86.83,100.0,89.69,100.0,80.57,81.39,82.27,1,0
86.38,93.03,81.17,97.56,83.25,88.72,85.49,94.99,83.93,97.79,69.56,1,0
56.83,60.5,79.69,81.37,81.77,65.08,80.21,58.41,58.83,27.64,82.98,1,1
48.14,66.48,43.98,51.14,35.9,51.95,67.97,46.54,51.37,61.15,54.66,1,1
71.43,59.46,77.26,75.33,72.18,86.83,74.9,70.89,83.5,83.2,63.29,1,0
81.12,100.0,76.56,100.0,92.02,92.69,96.54,100.0,81.84,69.97,77.71,1,0
93.69,89.2,100.0,86.7,100.0,100.0,100.0,100.0,100.0,100.0,86.94,1,0
63.57,51.96,57.34,74.74,59.32,70.12,56.85,75.0,72.68,57.19,65.86,1,1
75.6,88.7,100.0,61.63,81.96,74.49,76.18,74.36,70.31,75.95,58.87,1,0
77.53,60.68,70.36,64.34,63.97,58.55,93.05,72.79,91.29,90.68,59.22,1,0
23.58,35.08,21.28,5.5,14.03,35.1,23.58,34.22,24.14,18.15,40.13,0,1
93.04,92.49,82.03,92.49,100.0,100.0,100.0,84.7,100.0,70.06,100.0,1,0
30.11,24.81,15.74,37.92,58.46,68.46,42.76,52.96,44.11,44.27,32.68,0,1
74.84,53.78,65.96,89.52,80.54,85.07,71.82,74.79,81.6,89.98,43.16,0,0
26.3,17.97,26.36,16.19,58.11,37.8,37.44,43.9,47.64,47.21,45.9,0,1
76.27,81.71,50.95,80.86,69.48,84.36,85.05,93.36,90.82,92.48,89.61,1,0
75.12,70.65,60.82,86.56,71.73,96.56,59.82,70.5,76.4,88.13,75.87,1,0
64.26,75.59,57.79,88.85,84.27,58.87,65.26,51.72,66.75,81.08,64.61,1,1
93.15,78.82,80.24,100.0,98.87,100.0,100.0,100.0,81.82,90.03,93.75,1,0
69.59,71.25,57.15,63.8,65.95,89.47,52.61,85.47,64.05,47.83,82.57,1,1
69.27,74.95,85.76,61.48,63.01,72.74,54.79,77.22,56.97,71.63,81.22,1,1
36.04,85.73,52.43,42.67,36.31,56.0,56.92,59.22,55.22,62.69,48.54,0,1
39.04,53.17,26.02,50.14,32.2,59.93,38.75,34.0,49.27,30.86,27.3,0,1
76.33,72.4,85.8,69.19,67.86,81.0,76.07,71.17,80.24,60.29,62.74,1,0
30.6,51.13,53.12,54.49,15.59,66.08,45.04,59.28,59.82,34.26,55.34,1,1
79.01,86.31,82.35,89.62,66.97,80.62,86.88,100.0,86.9,99.32,83.5,1,0
97.21,100.0,82.04,88.64,84.92,100.0,95.03,100.0,89.3,94.26,100.0,1,0
21.98,20.67,33.54,30.62,25.22,31.15,25.61,44.4,11.86,23.74,22.43,0,1
100.0,78.27,100.0,100.0,88.98,85.61,94.45,98.66,100.0,84.65,100.0,1,0
100.0,87.27,73.97,86.73,86.81,94.03,99.04,82.03,100.0,91.1,96.14,1,0
45.51,31.54,30.77,50.99,37.41,39.2,41.3,54.72,41.44,40.97,42.91,0,1
100.0,100.0,100.0,95.24,100.0,95.39,100.0,100.0,100.0,100.0,100.0,1,0
95.92,97.33,85.12,74.52,97.97,100.0,97.88,100.0,93.1,79.31,94.33,1,0
90.11,100.0,77.82,100.0,100.0,100.0,95.34,65.96,89.08,81.11,78.76,1,0
81.16,62.01,63.76,64.46,74.01,79.51,44.5,85.16,89.31,54.19,58.28,1,0
79.85,53.32,79.38,68.73,42.75,75.82,68.29,64.91,71.91,71.58,72.95,1,0
100.0,100.0,100.0,100.0,100.0,100.0,87.62,100.0,100.0,91.01,100.0,1,0
64.84,66.92,94.75,66.74,79.24,77.69,94.51,95.83,91.36,82.31,74.95,1,1
26.24,32.32,12.94,32.06,28.78,41.88,19.91,11.75,19.55,22.74,20.3,0,1
100.0,100.0,100.0,100.0,100.0,100.0,97.04,100.0,100.0,95.26,100.0,1,0
42.45,46.43,23.87,62.56,47.61,54.71,64.55,44.6,56.64,44.25,43.69,0,1
23.23,24.05,12.6,8.7,16.23,39.32,0.0,24.25,7.31,11.13,8.45,0,1
48.18,38.86,28.73,45.21,24.1,48.18,33.55,52.39,38.53,36.01,46.31,0,1
100.0,94.25,100.0,71.79,100.0,100.0,93.32,100.0,95.62,86.29,98.86,1,0
38.71,23.71,14.94,23.85,30.73,24.3,24.6,57.23,27.51,26.27,26.71,0,1
53.62,39.73,61.64,13.93,43.22,65.06,42.35,43.62,48.83,32.5,37.13,0,1
92.05,80.79,74.68,76.73,83.99,78.37,83.96,83.8,100.0,42.36,81.81,1,0
51.39,76.28,64.5,64.21,67.82,96.26,100.0,80.98,74.16,56.15,79.43,1,1
84.14,100.0,100.0,99.12,90.51,100.0,100.0,90.15,84.51,100.0,100.0,1,0
53.05,65.42,70.52,81.57,73.77,87.2,92.74,89.83,83.96,74.43,62.48,1,1
81.09,43.61,48.07,72.18,65.09,80.06,66.76,58.24,64.78,38.93,48.38,0,0
58.07,70.98,60.58,89.4,68.27,69.42,80.58,73.88,95.12,64.26,58.49,1,1
70.58,63.56,80.27,71.85,54.03,58.51,77.08,72.87,70.6,51.21,71.2,1,0
33.53,55.99,47.11,42.51,37.95,53.91,40.57,52.11,41.74,30.59,36.41,0,1
54.83,76.81,45.79,60.7,76.69,50.62,67.69,55.72,58.7,46.7,49.96,0,1
64.39,62.34,81.54,61.36,70.19,92.75,69.26,93.44,74.63,56.17,80.24,1,1
100.0,100.0,76.83,93.14,87.52,87.91,82.49,91.21,100.0,100.0,79.74,1,0
65.42,47.33,51.55,71.82,33.81,56.6,50.11,65.76,59.21,67.81,57.11,1,1
65.48,65.21,77.67,52.3,48.41,65.28,55.49,55.82,59.08,80.89,64.55,1,1
33.79,55.75,57.28,52.93,42.76,55.57,49.9,40.32,42.81,55.66,34.24,0,1
45.19,24.67,46.01,31.49,27.21,39.36,58.03,40.77,66.43,8.48,20.86,0,1
78.98,83.08,81.41,63.5,77.14,86.4,87.31,68.97,93.82,83.22,68.61,1,0
100.0,100.0,100.0,100.0,87.85,100.0,99.54,100.0,100.0,100.0,73.97,1,0
56.57,39.8,55.4,74.36,75.33,63.94,52.08,79.24,70.07,43.18,60.97,1,1
56.85,42.23,60.29,24.72,72.41,51.36,61.52,52.97,42.55,45.24,22.88,0,1
100.0,100.0,89.49,86.05,75.41,100.0,100.0,87.84,100.0,83.74,70.84,1,0
82.02,78.64,68.54,80.84,87.39,69.95,89.57,89.12,82.74,66.74,86.03,1,0
83.49,76.68,88.34,71.2,63.31,100.0,63.5,75.31,83.1,90.1,83.06,1,0
95.33,91.94,72.32,99.11,77.75,80.66,93.36,74.91,98.38,44.91,75.14,1,0
81.07,87.53,79.18,56.1,66.19,100.0,73.53,100.0,95.53,81.22,77.0,1,0
70.92,100.0,65.73,95.71,62.35,96.38,88.01,100.0,86.76,54.94,82.82,1,0
74.22,78.03,77.93,100.0,99.28,96.08,93.68,92.22,92.27,86.67,84.7,1,0
48.17,54.38,48.76,54.07,54.29,47.17,55.42,32.7,46.32,37.64,63.54,1,1
100.0,69.37,66.93,85.18,100.0,100.0,93.06,95.79,100.0,91.94,92.73,1,0
68.81,77.56,53.39,55.87,55.74,67.85,69.31,71.96,88.45,74.53,57.54,1,1
92.88,91.64,95.18,87.24,100.0,100.0,100.0,87.4,95.56,100.0,100.0,1,0
78.08,99.8,91.94,89.42,87.25,100.0,95.23,100.0,100.0,93.79,93.86,1,0
63.16,41.24,50.36,56.48,67.48,81.34,57.22,62.61,70.06,56.19,76.79,1,1
87.66,75.76,69.13,67.38,61.45,79.33,86.86,81.67,85.73,97.27,72.54,1,0
96.21,49.85,84.15,69.92,75.24,82.93,100.0,77.62,97.79,100.0,55.59,1,0
99.39,100.0,100.0,88.53,96.87,100.0,100.0,100.0,97.81,100.0,100.0,1,0
64.82,51.17,61.39,59.42,49.34,60.24,72.34,65.19,69.18,77.78,63.91,1,1
62.7,49.39,37.43,51.4,45.69,32.42,58.23,45.54,63.81,42.73,61.87,1,1
94.43,77.88,81.98,85.01,100.0,99.22,100.0,98.95,100.0,95.76,98.68,1,0
62.8,56.16,43.78,52.75,37.17,59.06,71.74,67.67,91.4,57.6,57.78,1,1
78.63,68.06,84.3,77.44,80.35,96.63,73.42,89.41,85.09,75.23,90.85,1,0
92.24,89.76,100.0,68.02,84.92,82.3,97.43,75.21,94.85,76.94,77.58,1,0
91.89,78.41,68.54,80.85,68.71,75.2,65.05,89.51,76.38,77.98,62.81,1,0
98.43,77.43,100.0,100.0,100.0,96.11,100.0,98.21,100.0,100.0,89.24,1,0
59.85,23.47,65.94,62.35,64.05,67.91,54.11,72.95,73.69,72.61,73.73,1,1
95.25,92.99,100.0,100.0,86.22,51.9,100.0,84.87,82.25,79.29,79.91,1,0
100.0,90.56,88.26,93.92,100.0,100.0,84.53,100.0,91.67,75.22,100.0,1,0
87.32,62.51,74.29,65.54,43.29,50.02,64.68,81.03,78.35,79.18,53.62,1,0
100.0,81.74,74.0,90.44,85.4,100.0,100.0,91.1,84.64,61.99,77.89,1,0
51.36,42.45,69.3,46.4,47.64,31.52,51.72,62.04,43.0,37.41,58.19,1,1
26.58,16.98,35.0,59.99,39.84,26.82,46.82,32.3,49.21,42.57,0.0,0,1
18.19,36.19,63.78,46.91,63.54,51.07,52.53,61.99,46.02,34.44,49.64,0,1
100.0,82.91,100.0,92.31,96.82,95.97,100.0,100.0,96.49,100.0,100.0,1,0
41.41,22.21,30.45,68.03,66.03,51.99,67.96,49.73,48.9,47.18,44.84,0,1
73.15,57.63,53.04,71.06,67.21,75.14,74.11,100.0,60.97,39.42,73.26,1,0
36.73,47.44,51.54,68.62,53.76,46.73,38.39,41.65,41.37,52.12,45.38,0,1
79.23,94.92,78.24,70.77,64.41,82.9,56.0,78.56,78.34,54.94,64.26,1,0
90.83,79.89,60.91,97.97,82.85,77.51,70.87,87.36,82.23,100.0,74.25,1,0
59.53,62.71,73.88,67.41,57.87,78.43,41.26,85.43,47.84,50.5,59.41,1,1
50.94,47.21,49.1,41.39,41.87,55.86,62.43,47.01,44.3,57.19,47.6,0,1
77.66,70.8,87.34,74.99,80.25,85.02,85.39,83.2,88.55,66.51,95.24,1,0
76.12,61.46,57.43,43.73,58.95,59.41,68.5,49.49,61.24,32.11,59.76,1,1
41.39,71.91,60.6,62.55,36.3,73.3,66.86,53.54,44.95,54.22,49.77,0,1
53.75,46.3,42.04,56.77,43.27,45.99,60.16,69.71,39.06,50.15,30.74,0,1
61.72,36.61,53.63,37.81,59.76,68.28,47.78,28.47,43.53,81.9,38.3,0,1
69.75,61.29,73.64,72.77,75.02,60.0,76.57,61.02,64.66,58.57,49.25,0,1
59.43,55.93,77.35,54.91,82.57,78.39,62.25,70.2,72.19,74.62,73.28,1,1
63.28,50.57,53.87,59.45,40.73,65.77,61.21,55.6,64.84,34.02,60.28,1,1
100.0,98.98,91.61,95.29,100.0,100.0,100.0,98.26,100.0,78.48,91.99,1,0
100.0,96.16,85.55,90.9,84.2,99.74,100.0,100.0,93.63,91.89,100.0,1,0
86.95,97.44,94.05,100.0,93.88,93.96,100.0,100.0,98.05,98.31,100.0,1,0
86.88,87.22,92.77,67.3,100.0,100.0,100.0,100.0,88.55,53.54,100.0,1,0
89.6,63.65,76.37,53.11,44.72,79.1,75.42,65.3,87.02,38.49,50.2,1,0
84.52,81.71,68.79,97.07,70.39,76.28,85.03,90.66,81.83,94.63,80.63,1,0
51.84,100.0,79.23,66.15,66.6,72.24,93.11,83.69,70.27,51.12,84.06,1,1
98.96,88.86,92.82,84.01,64.74,76.38,97.64,98.92,96.72,86.37,94.28,1,0
89.41,100.0,79.83,64.08,72.72,80.3,83.14,86.37,85.29,88.31,79.03,1,0
39.08,40.25,3.3,24.65,24.68,45.54,56.09,42.19,51.86,48.1,40.05,0,1
55.39,81.15,47.28,43.69,68.62,60.35,80.05,52.33,78.78,76.48,65.58,1,1
34.78,33.6,6.35,45.33,27.67,36.48,29.76,25.06,55.18,47.39,45.21,0,1
77.84,57.11,76.84,91.14,87.05,91.75,81.81,79.0,98.26,73.1,84.09,1,0
41.56,35.0,30.31,47.96,38.02,41.3,48.57,37.02,56.46,23.95,43.66,0,1
100.0,100.0,87.81,81.05,100.0,100.0,83.22,82.83,97.12,99.31,86.28,1,0
51.44,56.43,52.36,41.77,33.89,55.53,69.65,73.24,72.55,43.44,41.83,0,1
55.6,61.75,65.11,57.63,59.87,61.75,67.76,64.03,61.56,51.87,56.88,1,1
71.48,88.57,61.58,64.99,82.0,88.13,70.52,79.14,76.91,70.67,89.29,1,0
100.0,91.52,100.0,99.16,96.55,100.0,97.59,100.0,100.0,92.51,100.0,1,0
83.09,92.22,91.31,70.48,67.94,97.68,96.08,90.47,78.15,96.79,100.0,1,0
100.0,78.78,96.39,100.0,96.0,100.0,92.76,100.0,98.52,67.65,95.54,1,0
89.22,89.69,87.34,86.88,96.88,86.15,84.75,84.27,100.0,98.46,94.16,1,0
38.14,31.45,27.35,45.35,18.09,47.19,48.38,32.74,33.33,33.19,39.92,0,1
48.0,59.94,44.45,26.69,38.25,33.56,51.17,31.23,41.74,24.68,41.26,0,1
76.2,64.83,100.0,82.41,74.85,95.84,100.0,80.24,85.16,61.87,74.92,1,0
60.37,61.22,65.92,69.09,85.09,65.85,73.91,87.01,74.48,79.39,70.81,1,1
73.62,84.71,92.63,95.47,100.0,90.16,100.0,87.48,100.0,100.0,78.11,1,0
86.08,71.21,82.31,69.69,92.39,70.61,71.25,92.64,72.94,96.41,83.1,1,0
95.27,100.0,100.0,86.03,100.0,100.0,100.0,100.0,79.83,91.92,80.38,1,0
48.55,31.28,63.32,58.96,49.81,49.53,59.18,64.59,73.19,64.36,80.83,1,1
51.48,44.31,32.61,40.62,37.89,50.66,33.97,45.47,49.72,41.26,56.93,1,1
67.59,82.23,68.04,100.0,85.12,88.92,99.82,95.07,79.56,84.79,81.83,1,1
62.42,45.78,77.39,62.34,64.02,72.58,60.69,73.13,64.9,50.12,70.45,1,1
66.64,76.39,70.25,47.71,37.88,46.08,39.9,55.66,72.79,49.61,55.37,1,1
79.67,93.81,81.27,71.56,100.0,100.0,92.0,77.81,78.15,87.05,79.44,1,0
35.82,48.36,44.63,57.64,44.3,62.73,49.65,54.88,41.02,39.47,50.18,1,1
89.0,48.92,58.16,83.41,75.4,86.28,80.87,85.94,72.08,83.78,87.16,1,0
29.07,32.07,46.99,27.05,43.94,39.37,37.61,41.87,35.47,27.95,13.93,0,1
90.94,100.0,95.53,85.08,83.07,96.75,99.36,100.0,100.0,80.5,87.4,1,0
35.64,48.9,49.74,32.45,46.17,56.94,39.12,61.68,46.86,64.5,39.23,0,1
70.99,65.59,66.85,47.14,72.35,71.75,88.75,63.25,54.56,76.92,71.81,1,0
46.49,71.05,45.36,45.19,47.68,44.87,39.03,66.6,37.65,54.79,61.72,1,1
54.3,21.99,50.73,55.43,39.68,44.14,42.6,39.3,56.27,78.85,37.94,0,1
68.5,83.95,54.08,76.26,49.77,66.44,62.7,82.64,74.17,69.62,56.54,1,1
83.24,90.32,100.0,94.78,84.22,100.0,100.0,96.64,94.04,100.0,96.98,1,0
19.5,9.8,0.0,34.21,7.56,32.72,30.55,7.76,28.1,3.0,0.0,0,1
53.01,69.8,57.36,45.96,64.5,63.06,35.86,65.36,65.0,56.38,66.78,1,1
80.44,81.27,81.86,91.94,77.63,99.6,100.0,100.0,77.7,100.0,100.0,1,0
90.47,100.0,98.97,98.44,81.56,100.0,95.03,100.0,94.02,93.27,95.13,1,0
92.44,84.4,88.98,98.62,77.98,80.95,95.41,91.79,84.82,100.0,79.15,1,0
99.06,94.98,92.67,98.58,100.0,100.0,96.29,100.0,100.0,79.5,96.63,1,0
33.99,47.99,47.86,30.55,32.57,47.01,20.89,32.67,49.25,45.53,35.33,0,1
51.3,38.28,35.68,23.21,62.65,48.99,54.56,52.97,42.31,29.1,35.93,0,1
65.48,60.34,57.71,46.58,66.18,50.83,52.7,54.71,60.03,57.57,42.31,0,1
64.57,49.45,66.01,75.98,90.17,61.52,69.23,69.61,87.06,67.98,57.61,1,1
56.03,85.77,69.57,66.25,61.96,72.88,72.76,72.88,71.11,77.99,65.24,1,1
78.82,83.74,79.48,100.0,70.08,93.26,91.03,100.0,91.08,60.75,84.11,1,0
44.27,45.22,58.68,47.71,54.79,48.54,57.09,62.57,47.47,61.52,50.42,1,1
84.88,88.73,67.3,99.49,59.97,80.44,86.35,91.41,100.0,54.42,76.2,1,0
57.56,54.13,41.9,30.21,50.42,37.2,65.07,50.5,64.07,39.92,50.35,1,1
50.15,77.16,70.97,63.03,82.22,64.56,80.47,69.0,56.99,89.96,74.13,1,1
63.46,26.48,42.93,66.92,52.18,62.25,46.7,78.65,72.08,52.16,50.32,1,1
33.74,27.67,47.24,44.04,40.11,55.03,59.26,31.68,40.97,54.24,36.32,0,1
47.56,62.7,46.48,70.21,51.79,65.01,65.76,52.03,37.77,58.71,54.17,1,1
94.74,56.99,83.46,67.76,70.63,76.48,71.62,85.37,93.56,81.71,75.9,1,0
42.7,42.44,15.37,53.17,38.17,37.21,60.85,42.49,49.93,70.31,31.4,0,1
62.39,31.87,66.16,67.1,52.84,74.1,72.94,62.61,57.06,41.98,56.13,1,1
81.47,95.55,100.0,51.64,90.48,76.0,95.26,91.55,96.62,77.78,62.79,1,0
71.5,82.33,71.86,80.16,88.68,70.71,76.18,84.83,100.0,65.03,100.0,1,0
72.06,85.21,100.0,78.8,83.24,74.12,94.87,93.77,91.77,82.88,82.62,1,0
100.0,97.34,100.0,100.0,100.0,100.0,81.61,100.0,100.0,94.25,98.4,1,0
61.17,53.9,68.22,67.24,69.66,59.72,53.98,76.25,84.84,49.6,84.07,1,1
83.26,81.66,100.0,68.42,72.73,95.84,98.95,100.0,93.0,100.0,88.28,1,0
85.11,97.05,100.0,100.0,100.0,100.0,96.91,100.0,100.0,79.83,87.1,1,0
56.59,60.35,44.46,64.39,49.89,59.0,64.63,63.28,62.49,45.99,53.65,1,1
83.67,87.34,57.16,88.39,70.38,81.29,72.14,86.33,81.16,59.89,58.12,1,0
39.69,43.08,65.09,45.45,52.99,45.51,59.63,51.69,66.73,62.87,45.32,0,1
86.93,85.46,80.06,94.87,84.44,95.71,70.94,49.45,91.52,62.31,81.13,1,0
54.06,62.45,56.83,46.91,65.26,46.31,60.64,41.93,59.44,55.3,72.52,1,1
73.29,63.47,61.05,58.45,45.25,61.87,83.76,60.27,62.46,77.87,40.52,0,0
91.0,98.57,79.07,84.8,99.19,91.12,100.0,98.31,91.76,86.49,91.26,1,0
94.27,100.0,94.93,93.52,70.17,94.6,96.61,99.6,97.78,100.0,90.7,1,0
38.53,62.37,64.87,36.5,36.23,49.1,41.06,47.41,51.21,57.77,51.18,1,1
85.35,86.27,72.03,66.22,98.11,86.9,88.4,88.84,72.41,100.0,74.59,1,0
49.06,30.96,60.42,63.88,53.91,67.23,70.18,75.82,63.59,60.2,58.73,1,1
91.79,98.22,86.18,90.93,100.0,100.0,91.77,100.0,100.0,94.79,87.85,1,0
53.39,67.48,48.88,45.24,67.02,74.61,78.45,62.14,67.44,58.48,70.66,1,1
79.62,83.17,73.83,64.56,71.68,77.85,79.8,67.71,74.73,71.05,45.48,0,0
71.02,71.24,86.88,83.63,64.01,100.0,76.76,83.02,100.0,48.44,58.87,1,0
100.0,87.48,86.62,100.0,100.0,100.0,92.81,100.0,100.0,82.09,88.74,1,0
74.65,75.51,66.01,63.8,83.17,88.21,85.79,94.91,74.34,99.87,63.94,1,0
100.0,84.77,94.37,94.63,77.77,94.27,96.38,100.0,100.0,100.0,81.1,1,0
79.99,65.4,69.88,66.38,74.87,90.52,70.83,88.55,70.73,60.83,83.37,1,0
82.45,69.15,87.53,73.46,100.0,100.0,93.07,100.0,87.68,93.51,99.77,1,0
52.94,63.65,65.12,59.82,47.28,39.0,53.82,55.73,55.64,63.05,77.6,1,1
66.66,70.87,67.98,70.95,70.67,52.74,76.83,63.75,59.5,48.89,70.66,1,1
97.78,100.0,100.0,79.02,94.77,97.63,100.0,100.0,96.87,88.78,82.0,1,0
54.75,69.84,53.05,87.71,49.84,73.27,86.2,76.52,72.29,51.0,48.95,0,1
12.73,21.17,41.73,30.62,26.2,23.54,21.71,41.59,29.54,0.0,14.46,0,1
81.63,81.78,98.47,74.35,100.0,80.99,88.6,84.89,88.94,89.37,87.91,1,0
78.78,91.51,93.33,100.0,62.19,100.0,88.36,100.0,89.5,82.03,91.58,1,0
73.22,84.04,95.21,78.8,76.28,93.44,100.0,79.49,89.68,60.19,81.46,1,0
97.45,73.72,79.42,92.92,100.0,76.96,90.2,94.72,90.87,49.74,92.9,1,0
100.0,100.0,100.0,92.07,97.59,100.0,100.0,100.0,100.0,78.71,100.0,1,0
41.27,54.9,77.5,42.07,48.91,67.87,56.92,53.76,62.76,56.19,64.47,1,1
87.24,86.68,100.0,100.0,68.59,91.78,84.8,88.57,95.71,96.72,85.34,1,0
92.86,100.0,85.27,62.91,92.82,100.0,100.0,86.02,93.52,79.66,77.82,1,0
68.32,61.48,81.12,93.3,77.14,69.31,92.76,100.0,77.9,72.18,85.55,1,1
100.0,93.3,100.0,100.0,90.78,100.0,91.48,100.0,100.0,93.46,99.61,1,0
67.76,78.49,74.13,64.2,67.83,72.84,79.38,70.65,70.42,98.86,80.6,1,1
69.99,62.24,57.35,70.6,60.89,64.31,66.23,62.16,63.19,49.29,49.08,0,1
85.41,59.85,100.0,100.0,93.47,100.0,83.35,100.0,83.47,91.7,72.83,1,0
64.21,62.63,79.16,61.59,80.42,86.66,57.74,85.76,95.04,73.21,76.62,1,1
91.57,92.78,99.37,77.29,80.19,100.0,90.08,93.58,90.91,74.26,100.0,1,0
59.12,71.32,67.52,86.55,71.06,93.01,98.12,91.95,81.98,81.25,60.84,1,1
72.41,87.99,93.79,93.37,83.55,99.77,84.9,87.87,100.0,77.09,98.78,1,0
70.34,70.01,87.65,78.8,60.0,83.22,62.05,67.3,75.67,52.51,82.26,1,0
90.66,72.17,91.86,100.0,64.02,81.36,88.59,98.46,100.0,100.0,67.74,1,0
62.33,73.69,59.19,64.32,87.09,91.63,50.11,72.87,100.0,73.91,66.95,1,1
80.48,86.6,71.04,70.71,53.09,77.35,90.75,85.85,71.25,47.66,74.51,1,0
61.99,46.49,62.23,60.9,35.45,67.08,57.52,42.5,72.18,47.68,26.25,0,1
62.42,64.2,72.42,56.41,79.54,58.12,76.52,86.8,68.6,68.27,53.75,1,1
92.84,100.0,100.0,100.0,100.0,98.87,100.0,89.7,88.95,88.97,100.0,1,0
57.76,81.95,66.8,55.51,68.6,56.66,75.18,82.43,77.97,98.72,43.09,0,1
49.9,49.55,62.56,49.86,72.47,62.19,63.78,36.82,75.35,40.65,50.38,1,1
62.9,38.23,58.96,74.56,69.45,71.19,57.92,51.01,77.29,55.14,60.87,1,1
96.91,83.84,100.0,100.0,100.0,100.0,94.61,96.32,89.67,81.05,82.31,1,0
65.26,52.57,44.14,80.04,64.38,60.03,59.34,61.4,56.49,55.43,59.5,1,1
90.03,71.53,71.72,76.76,87.71,77.49,84.21,90.12,78.27,100.0,64.71,1,0
55.34,62.48,70.15,57.8,72.58,72.34,62.58,79.68,61.0,76.25,54.73,1,1
38.89,43.35,45.95,44.65,15.83,34.31,48.25,46.92,37.02,50.98,36.84,0,1
100.0,94.65,88.49,77.4,86.21,85.94,100.0,100.0,100.0,100.0,86.51,1,0
54.03,32.93,49.37,79.1,62.51,70.28,63.84,60.77,62.74,61.27,44.43,0,1
100.0,80.42,93.69,83.57,82.93,83.2,81.15,98.25,80.92,92.79,86.94,1,0
24.98,70.27,39.61,43.8,33.87,30.43,40.84,42.47,47.95,57.94,43.41,0,1
71.22,69.88,83.37,65.39,79.57,79.17,97.73,97.22,89.84,59.35,85.0,1,0
85.96,79.9,100.0,90.81,96.38,87.91,81.4,89.81,90.78,91.69,79.96,1,0
73.23,83.31,95.17,87.16,86.99,93.59,100.0,100.0,85.93,100.0,93.94,1,0
45.4,43.94,62.41,51.34,51.67,68.4,71.21,36.8,56.79,31.92,48.43,0,1
51.34,11.26,32.06,44.77,35.6,29.85,36.21,44.01,37.92,35.27,35.76,0,1
78.77,48.34,94.6,94.56,85.03,90.86,100.0,74.92,85.88,100.0,100.0,1,0
77.31,100.0,67.92,97.09,98.99,92.89,78.54,81.7,66.51,67.47,81.71,1,0
43.61,34.26,36.09,39.95,13.34,52.42,41.77,52.77,46.83,35.51,40.32,0,1
90.38,100.0,95.99,77.87,79.16,88.43,100.0,100.0,61.3,89.62,92.62,1,0
76.68,75.82,81.93,61.39,70.51,93.91,82.83,75.05,75.46,89.36,72.34,1,0
82.12,85.88,70.97,79.46,70.6,86.61,82.6,74.03,73.19,79.3,89.22,1,0
70.26,70.01,55.37,86.65,71.7,86.79,79.01,81.94,75.32,76.74,66.71,1,0
98.2,100.0,95.75,95.1,90.84,100.0,100.0,100.0,87.81,79.1,100.0,1,0
71.83,48.49,70.54,68.78,74.81,71.43,84.03,68.49,67.04,50.14,53.55,1,0
62.58,60.67,97.17,69.15,70.34,75.37,91.67,60.01,75.54,46.8,42.58,0,1
18.74,35.31,12.98,24.7,0.0,26.12,22.56,13.31,29.12,9.05,40.92,0,1
17.28,13.74,20.91,32.84,0.02,17.03,14.59,14.12,28.52,28.93,32.87,0,1
100.0,83.49,97.1,100.0,100.0,97.46,100.0,93.29,100.0,100.0,100.0,1,0
72.79,70.93,55.89,71.62,62.96,74.31,74.89,83.16,63.32,53.68,67.23,1,0
78.01,83.97,74.98,92.62,70.5,83.89,85.69,76.67,85.43,63.72,67.57,1,0
70.89,68.6,55.68,44.96,64.3,75.21,71.65,74.95,61.98,52.1,50.26,1,0
64.6,83.66,73.28,70.27,63.39,64.04,90.44,82.91,61.12,83.81,83.43,1,1
59.18,49.49,63.62,36.72,68.62,52.95,51.89,60.6,66.06,59.19,47.82,0,1
94.63,100.0,78.98,83.8,100.0,100.0,74.32,94.91,91.05,98.44,77.1,1,0
76.23,53.9,60.6,46.61,80.16,85.79,69.8,70.1,77.61,90.19,72.98,1,0
83.1,74.52,68.46,67.03,99.9,95.04,100.0,91.55,81.85,100.0,80.76,1,0
48.04,37.89,35.95,31.25,33.95,31.02,43.16,23.92,38.85,40.42,29.61,0,1
80.36,100.0,92.59,96.79,83.03,95.59,100.0,100.0,100.0,97.36,100.0,1,0
85.09,92.43,88.31,97.27,95.34,79.36,78.68,82.53,99.3,60.9,89.28,1,0
33.79,39.15,43.41,31.62,63.26,37.35,64.07,62.46,59.59,35.2,49.72,0,1
0.34,12.65,38.47,20.28,23.08,36.67,48.17,43.37,20.39,0.0,53.43,1,1
82.91,94.78,88.06,69.81,80.15,95.66,94.15,91.66,98.38,78.62,86.19,1,0
13.44,35.89,30.43,33.75,3.14,27.25,26.05,26.04,22.69,18.66,34.05,0,1
12.33,3.85,21.9,23.59,0.0,42.48,20.27,21.53,22.47,19.93,5.04,0,1
69.98,66.9,97.55,73.42,74.32,82.56,100.0,100.0,92.56,100.0,63.39,1,1
87.46,76.94,100.0,78.08,77.4,100.0,87.17,99.45,92.07,89.39,79.9,1,0
61.89,65.75,56.54,33.27,41.87,58.64,50.17,56.28,55.92,48.57,73.77,1,1
75.11,100.0,75.57,83.42,85.55,90.91,93.99,78.46,93.15,89.74,81.03,1,0
49.47,34.47,39.28,55.34,44.19,49.9,47.84,48.18,71.91,33.68,68.16,1,1
77.26,90.65,62.05,68.44,69.96,73.84,85.28,89.47,64.79,72.31,75.56,1,0
48.82,53.92,37.3,54.0,49.3,60.31,65.94,62.48,70.87,52.52,65.36,1,1
74.88,74.45,82.75,80.26,80.41,76.18,79.15,78.96,63.66,86.77,50.7,1,0
66.77,96.84,80.71,100.0,89.32,85.34,77.94,83.74,86.34,100.0,94.56,1,1
67.06,45.59,78.26,70.72,65.7,67.47,86.52,71.03,64.17,49.41,70.68,1,1
100.0,80.92,100.0,82.76,76.23,85.07,85.47,94.2,91.89,100.0,100.0,1,0
62.12,47.82,62.19,66.72,48.94,63.16,71.42,62.9,60.81,74.88,47.77,0,1
88.95,100.0,100.0,92.6,88.67,97.36,89.73,95.5,92.11,90.49,86.56,1,0
83.17,76.92,97.82,74.54,57.4,79.24,100.0,83.14,81.16,81.72,93.45,1,0
75.26,82.34,72.73,62.7,79.0,71.35,90.21,83.86,98.47,74.29,79.0,1,0
82.84,37.4,88.15,68.75,73.65,63.94,79.84,70.83,62.63,51.45,54.86,1,0
93.47,100.0,64.43,92.81,84.37,80.18,80.64,91.72,84.78,41.26,100.0,1,0
80.45,97.57,85.48,86.85,67.35,83.85,87.85,94.31,83.18,96.26,68.61,1,0
96.42,77.36,86.5,67.51,85.12,83.13,79.52,100.0,83.75,79.11,93.11,1,0
66.43,92.93,80.14,85.39,78.57,98.26,76.28,84.45,92.53,66.09,86.48,1,1
35.53,58.73,67.03,40.99,48.71,67.05,69.81,77.36,55.46,44.09,76.15,1,1
56.78,50.3,53.46,39.89,57.92,53.14,34.22,51.43,27.31,54.71,41.2,0,1
83.87,100.0,76.85,91.59,76.38,96.53,100.0,100.0,94.95,53.34,83.84,1,0
60.21,72.43,61.95,56.18,53.84,54.37,75.46,60.21,69.71,51.61,46.5,0,1
67.84,64.15,77.42,69.35,100.0,76.85,55.25,70.47,71.34,58.4,68.47,1,1
97.85,67.46,83.24,77.61,90.07,89.57,93.92,100.0,99.09,86.95,91.92,1,0
100.0,100.0,88.45,97.83,82.33,82.15,95.51,100.0,100.0,78.83,71.45,1,0
60.7,55.34,68.74,58.19,53.04,44.13,64.28,76.08,77.71,60.91,49.45,0,1
50.0,89.81,73.42,74.72,54.21,70.36,68.75,77.38,83.16,43.05,51.67,1,1
62.53,85.93,86.22,91.76,84.06,47.55,90.16,70.55,66.44,50.3,55.16,1,1
75.55,62.05,87.09,92.72,72.71,94.09,94.07,81.16,97.65,65.99,51.85,1,0
37.42,42.08,66.03,54.21,42.99,67.12,55.17,56.25,66.35,44.78,60.91,1,1
72.0,84.32,57.92,73.15,51.73,70.82,79.86,77.87,69.83,59.78,51.86,1,0
66.14,66.51,54.15,58.39,60.0,67.22,66.15,49.25,38.18,42.36,55.76,1,1
100.0,90.93,87.17,97.28,100.0,95.95,100.0,100.0,99.81,100.0,98.73,1,0
86.6,79.37,100.0,74.51,100.0,89.79,98.91,100.0,90.66,82.4,71.05,1,0
50.68,53.7,51.28,68.8,55.14,77.31,58.06,58.71,52.25,50.47,35.42,0,1
83.47,53.4,81.26,78.06,78.43,90.32,79.78,54.6,83.57,78.87,71.14,1,0
66.9,81.16,100.0,100.0,89.39,76.77,77.83,95.34,99.9,71.95,98.68,1,1
48.96,69.2,80.92,57.05,51.1,73.73,70.11,65.51,68.76,38.73,68.63,1,1
82.03,100.0,93.5,79.17,80.78,97.29,76.21,91.42,74.13,94.18,76.78,1,0
54.69,24.85,42.8,49.33,35.01,57.63,56.45,44.67,55.32,4.34,56.79,1,1
76.53,65.42,64.75,66.12,64.72,80.45,64.38,74.77,59.13,76.69,61.72,1,0
61.6,75.6,78.31,55.68,64.49,76.95,70.67,74.42,92.81,56.38,43.91,0,1
73.15,58.13,56.36,62.37,62.62,96.68,90.99,58.77,56.17,69.18,93.41,1,0
97.09,88.46,100.0,66.07,91.4,85.69,95.46,93.83,96.42,100.0,100.0,1,0
71.62,47.09,77.01,62.05,48.2,59.79,58.84,59.02,73.97,76.23,83.66,1,0
65.49,54.3,62.3,44.3,48.58,75.09,52.23,73.21,60.3,33.18,31.6,0,1
87.59,68.29,77.41,89.8,87.57,84.44,91.42,88.03,79.35,100.0,86.54,1,0
64.4,93.97,54.41,73.01,76.9,77.74,75.42,73.56,69.3,60.02,86.23,1,1
18.18,55.46,44.22,28.18,60.51,45.5,44.65,53.61,61.29,46.56,45.36,0,1
63.98,48.03,62.36,56.18,42.28,57.82,36.78,51.25,42.91,83.65,34.9,0,1
75.4,67.16,60.68,74.36,58.21,78.32,74.06,65.97,77.22,75.14,80.83,1,0
63.24,58.93,39.66,52.26,52.81,71.81,51.62,56.13,35.39,79.77,40.91,0,1
84.48,96.43,79.4,84.24,80.33,91.55,76.75,92.13,92.48,92.62,68.46,1,0
71.02,61.26,52.26,60.93,70.81,79.92,74.8,76.65,69.81,75.63,85.98,1,0
57.73,60.22,78.22,72.63,78.04,94.52,85.02,90.35,78.71,60.65,72.07,1,1
57.61,67.24,28.17,59.46,36.68,57.33,54.29,64.02,59.69,72.58,45.18,0,1
86.05,80.49,60.91,73.24,99.14,81.04,76.65,84.84,87.56,68.08,80.95,1,0
66.32,52.39,51.65,72.85,60.55,69.36,63.44,75.49,60.43,59.47,70.94,1,1
75.75,67.46,77.27,71.54,72.95,67.94,86.96,65.5,65.97,77.57,91.29,1,0
43.39,27.81,51.15,68.44,40.81,66.3,49.8,60.36,66.38,44.41,56.35,1,1
88.16,73.25,80.5,80.62,82.5,100.0,90.24,66.17,81.1,52.55,77.58,1,0
69.76,65.48,50.0,72.9,89.8,75.83,67.47,57.45,62.65,73.53,79.61,1,1
56.08,44.16,54.55,58.31,74.48,46.24,64.15,74.15,66.93,66.83,61.39,1,1
72.75,75.1,55.25,56.0,59.58,65.97,66.72,71.03,63.72,74.6,65.8,1,0
53.43,64.38,67.18,50.34,59.79,64.1,60.14,88.68,58.03,75.74,55.95,1,1
100.0,86.32,75.36,88.75,80.12,97.57,75.34,100.0,96.87,58.05,74.8,1,0
34.23,48.47,28.5,17.04,36.88,34.07,46.42,31.27,32.39,4.81,37.16,0,1
88.08,88.68,70.95,100.0,79.75,96.96,98.09,89.0,96.47,89.09,68.39,1,0
100.0,100.0,100.0,92.79,89.29,94.14,100.0,100.0,100.0,100.0,100.0,1,0
100.0,100.0,90.31,74.96,69.3,86.15,97.55,100.0,94.19,100.0,82.08,1,0
84.4,67.29,52.49,77.26,80.79,77.81,88.08,91.72,93.36,46.31,65.88,1,0
73.64,64.32,64.99,60.18,78.14,64.71,82.42,76.0,73.47,59.07,52.65,1,0
92.27,80.64,87.16,79.92,88.38,100.0,100.0,96.8,86.67,97.84,66.35,1,0
79.8,76.64,70.75,79.56,61.67,69.65,78.72,79.83,59.84,79.93,82.37,1,0
32.47,29.28,16.35,26.67,32.06,50.51,60.25,51.58,30.47,22.79,31.32,0,1
100.0,95.83,100.0,70.96,99.48,100.0,94.91,94.87,84.57,100.0,89.59,1,0
60.56,74.24,56.78,47.37,40.34,51.61,72.47,60.62,57.75,48.09,59.85,1,1
54.82,42.22,48.57,55.26,48.99,58.85,63.28,59.49,50.08,42.11,34.27,0,1
38.59,37.34,56.6,46.28,33.33,40.45,39.66,53.44,41.61,12.79,39.11,0,1
25.51,24.92,33.46,46.71,37.61,48.18,22.93,36.57,34.95,33.66,44.91,0,1
72.96,63.26,86.99,61.56,72.67,82.24,92.84,79.2,88.67,84.81,75.79,1,0
100.0,97.78,86.11,100.0,87.78,97.42,95.21,100.0,100.0,99.92,94.68,1,0
48.69,38.43,39.61,46.14,65.6,54.2,44.43,45.34,40.06,26.06,33.68,0,1
66.01,65.81,59.11,69.04,78.86,63.77,55.47,77.83,74.05,49.0,57.0,1,1
59.94,64.78,69.53,63.72,81.42,77.6,56.61,77.76,78.58,61.0,49.58,0,1
70.23,67.55,71.56,59.33,67.34,82.89,74.06,60.84,72.83,56.51,75.76,1,0
99.51,85.04,86.3,100.0,95.3,100.0,100.0,98.01,100.0,100.0,100.0,1,0
62.54,50.46,23.29,33.09,41.89,45.68,42.27,50.37,36.62,27.35,28.68,0,1
47.96,47.49,64.89,26.52,63.55,50.62,54.75,66.62,55.47,50.87,47.77,0,1
58.23,30.64,63.82,57.21,54.64,65.87,49.34,82.97,62.65,56.49,47.09,0,1
57.67,43.85,58.84,58.42,73.84,69.35,82.38,78.23,61.69,34.33,77.88,1,1
100.0,100.0,100.0,100.0,100.0,100.0,100.0,100.0,100.0,86.47,96.0,1,0
71.41,86.27,89.21,83.9,85.56,76.78,96.2,99.11,97.57,100.0,90.05,1,0
77.95,32.56,60.4,76.15,60.97,63.04,68.38,63.55,67.39,51.83,75.39,1,0
58.91,61.94,70.22,52.05,54.92,74.26,78.54,62.93,55.82,100.0,73.55,1,1
60.65,58.38,42.37,83.0,48.44,51.14,62.61,55.12,64.22,70.06,71.68,1,1
62.98,39.78,81.75,52.42,55.05,54.57,55.97,85.01,71.67,34.03,75.32,1,1
92.04,100.0,94.86,82.8,100.0,93.18,100.0,87.59,100.0,100.0,90.1,1,0
73.81,75.24,80.47,73.21,75.32,75.61,79.19,91.02,84.5,83.56,81.72,1,0
24.65,39.21,9.16,30.32,17.35,26.83,39.98,32.5,10.18,10.88,37.23,0,1
74.64,100.0,78.36,66.51,70.46,60.5,99.13,99.01,72.91,74.64,79.21,1,0
87.77,100.0,81.9,87.59,94.26,96.08,84.4,91.5,96.02,68.62,100.0,1,0
87.08,84.22,64.65,87.77,69.06,96.66,80.55,85.65,100.0,89.71,69.31,1,0
49.24,64.29,58.73,86.8,61.35,84.05,54.21,50.18,54.71,78.75,81.98,1,1
86.57,84.47,67.54,100.0,78.3,94.68,74.8,87.44,92.26,89.25,86.2,1,0
94.97,78.97,78.43,67.67,100.0,100.0,100.0,100.0,77.91,78.84,96.29,1,0
83.71,85.05,75.93,95.38,78.43,75.29,80.89,85.11,98.54,82.96,81.36,1,0
73.14,48.51,46.82,67.28,53.5,79.54,73.47,74.71,65.98,94.17,100.0,1,0
42.06,39.28,57.77,46.67,21.97,62.35,57.52,71.37,61.64,30.73,26.15,0,1
80.69,100.0,100.0,69.72,100.0,99.88,100.0,90.29,100.0,76.15,100.0,1,0
84.73,100.0,85.31,100.0,88.06,98.81,100.0,100.0,92.29,100.0,100.0,1,0
36.97,48.67,48.4,43.26,55.49,48.22,52.82,61.97,58.41,57.29,31.71,0,1
68.5,58.37,78.71,79.0,46.39,65.94,59.62,69.59,78.77,65.59,62.14,1,1
78.67,76.91,79.73,75.92,71.55,69.45,74.49,77.94,61.93,64.04,71.37,1,0
18.84,28.87,48.65,12.97,19.81,32.76,59.36,29.18,49.76,33.5,20.16,0,1
77.06,89.54,74.95,87.05,57.14,76.72,83.08,60.73,64.84,90.76,52.99,1,0
28.92,36.69,52.26,36.17,59.31,29.33,38.11,34.58,27.46,31.01,38.32,0,1
65.98,77.98,55.57,37.28,42.61,57.01,58.76,61.18,58.8,49.3,41.56,0,1
62.63,60.24,57.36,64.83,61.27,83.42,66.58,63.31,90.76,59.57,68.18,1,1
93.21,100.0,100.0,100.0,82.54,100.0,90.74,100.0,83.71,72.23,100.0,1,0
100.0,100.0,98.01,100.0,92.75,100.0,100.0,88.45,100.0,100.0,87.38,1,0
75.15,64.11,91.39,79.81,94.69,89.47,85.08,83.57,89.92,73.89,69.86,1,0
78.87,71.53,83.89,82.92,89.53,77.93,79.15,91.65,86.25,65.13,94.4,1,0
98.54,99.41,100.0,98.02,91.42,100.0,100.0,100.0,96.9,84.67,100.0,1,0
100.0,92.99,100.0,100.0,100.0,100.0,100.0,100.0,100.0,100.0,100.0,1,0
57.43,62.08,49.76,46.81,36.69,58.06,78.12,49.08,71.79,72.09,88.34,1,1
52.23,62.45,67.2,54.27,67.72,86.05,57.93,58.21,56.3,54.23,66.9,1,1
77.77,95.4,100.0,86.55,77.54,100.0,95.49,100.0,87.74,90.18,100.0,1,0
100.0,98.64,99.71,100.0,100.0,100.0,100.0,89.04,99.51,100.0,84.9,1,0
25.25,56.8,54.21,46.38,44.24,53.48,38.05,60.57,48.97,56.8,53.55,1,1
70.38,62.48,75.64,71.69,82.84,55.22,73.68,66.07,68.15,76.72,51.09,1,0
100.0,100.0,87.11,81.12,92.35,98.98,93.85,81.15,89.21,87.47,89.78,1,0
59.11,85.92,81.51,68.61,72.04,77.34,72.31,59.2,65.52,58.09,48.07,0,1
98.19,100.0,86.74,100.0,76.71,93.18,76.16,87.26,91.18,60.63,93.02,1,0
42.42,55.84,78.58,62.01,65.16,53.05,48.97,47.16,50.09,19.18,41.27,0,1
76.64,72.84,66.04,49.46,66.11,68.29,82.68,87.11,87.4,84.37,71.41,1,0
67.85,55.83,42.98,48.01,47.53,63.36,73.61,59.45,40.41,55.09,56.06,1,1
84.98,84.02,89.27,79.16,78.48,100.0,94.91,97.59,100.0,92.21,95.46,1,0
58.55,69.33,66.87,70.31,52.63,73.45,67.57,72.68,62.61,56.08,78.94,1,1
71.27,68.37,80.25,60.93,66.89,100.0,88.58,76.52,88.17,87.5,90.92,1,0
16.2,28.73,30.72,15.82,29.87,25.52,28.99,42.01,40.85,11.8,14.07,0,1
79.41,60.15,89.35,41.5,85.36,89.69,76.02,93.08,79.72,76.28,79.42,1,0
73.2,91.19,83.01,67.83,82.3,77.83,87.84,77.74,86.6,92.58,80.69,1,0
83.67,77.38,71.19,78.17,75.93,83.03,55.26,59.96,85.54,47.92,75.31,1,0
93.75,100.0,100.0,92.07,100.0,100.0,100.0,100.0,99.03,87.61,100.0,1,0
64.27,52.86,48.97,56.58,54.24,64.08,61.79,63.58,69.92,64.66,49.48,0,1
12.41,10.82,0.0,14.47,3.05,40.93,8.34,9.68,5.28,28.2,4.56,0,1
86.65,88.63,91.42,100.0,95.5,90.38,95.02,77.12,93.74,65.9,76.58,1,0
100.0,100.0,100.0,78.32,100.0,100.0,100.0,100.0,99.83,75.52,93.25,1,0
79.59,100.0,73.13,76.78,80.21,76.79,84.99,85.15,81.35,100.0,71.37,1,0
60.09,73.71,49.82,76.29,47.2,59.5,79.53,90.91,78.74,53.52,63.06,1,1
80.74,86.69,94.21,100.0,87.38,94.64,100.0,96.13,99.24,91.59,92.86,1,0
93.63,87.52,88.07,87.75,65.35,90.34,97.71,79.06,64.58,84.35,79.25,1,0
37.75,7.56,40.07,39.72,47.22,29.0,43.57,32.87,29.68,17.27,7.4,0,1
48.38,52.9,66.74,30.74,55.05,69.92,60.84,53.47,53.95,37.27,53.85,1,1
79.08,100.0,92.86,100.0,100.0,100.0,100.0,100.0,100.0,100.0,95.08,1,0
77.77,51.93,88.06,77.19,100.0,97.28,76.37,94.33,84.95,74.94,51.56,1,0
67.48,81.69,75.6,56.87,76.32,61.08,58.8,74.04,62.08,55.6,77.15,1,1
51.5,58.92,44.91,37.62,52.7,59.66,42.04,39.7,31.62,30.76,49.86,0,1
100.0,88.19,87.32,87.68,81.34,100.0,95.12,100.0,100.0,94.75,100.0,1,0
46.48,56.31,58.76,39.02,49.82,37.54,41.14,59.26,45.18,42.97,28.18,0,1
82.52,83.65,60.44,86.98,63.0,79.71,63.8,78.18,69.94,68.24,75.7,1,0
68.6,64.09,70.22,68.7,59.05,90.97,59.27,81.33,73.13,97.66,73.23,1,1
44.85,51.62,63.83,66.3,38.95,66.33,73.33,66.07,61.36,56.52,56.21,1,1
58.99,51.26,72.69,31.06,53.14,72.69,61.57,56.3,68.92,73.11,62.04,1,1
53.63,81.02,58.86,100.0,74.07,92.15,84.33,76.65,75.46,100.0,91.16,1,1
70.77,82.2,71.72,86.49,83.23,89.06,100.0,85.81,93.75,100.0,96.87,1,0
95.65,93.19,100.0,78.42,100.0,100.0,97.2,96.42,100.0,100.0,94.13,1,0
88.87,76.0,87.88,63.3,71.77,94.08,72.47,77.72,81.8,59.4,69.27,1,0
62.26,69.24,79.34,69.77,64.64,72.81,72.88,56.87,68.08,83.03,58.66,1,1
77.7,68.97,72.25,91.99,100.0,100.0,74.38,96.37,81.19,74.09,77.28,1,0
78.93,87.36,57.84,73.49,60.43,77.74,75.99,77.78,70.25,50.94,48.12,0,0
80.23,85.55,42.65,67.17,61.27,41.95,56.62,78.81,91.26,79.6,69.95,1,0
0.0,34.3,17.87,20.63,0.0,15.9,20.48,25.51,19.45,2.87,9.02,0,1
30.02,24.85,39.43,74.68,43.59,67.61,45.93,33.95,43.73,61.96,57.2,1,1
87.36,78.95,91.28,91.97,87.94,93.75,90.22,100.0,99.33,72.22,74.84,1,0
60.17,74.04,67.48,59.7,66.26,81.63,62.78,72.51,67.77,69.88,55.62,1,1
26.99,45.84,21.83,35.12,46.12,47.86,39.84,45.61,44.77,35.33,36.17,0,1
64.81,68.41,100.0,71.86,100.0,70.69,72.59,79.72,82.49,91.97,83.54,1,1
57.89,56.38,79.37,45.1,86.44,68.6,64.31,79.43,86.89,83.8,73.06,1,1
96.17,100.0,100.0,89.65,92.96,100.0,97.25,100.0,97.17,95.29,99.45,1,0
60.18,68.64,80.9,87.65,60.86,96.08,64.53,85.41,67.36,56.51,60.64,1,1
40.25,48.08,46.89,38.01,52.65,77.04,49.37,50.08,60.01,41.03,57.44,1,1
24.14,45.75,14.05,21.26,22.54,34.12,31.57,19.37,30.28,27.79,21.74,0,1
67.79,39.55,60.43,77.54,60.4,63.11,93.26,88.67,75.16,82.57,38.77,0,1
65.23,39.53,74.76,76.66,89.36,67.25,66.43,48.33,72.2,83.65,62.79,1,1
73.53,100.0,100.0,100.0,81.09,99.93,100.0,100.0,89.67,57.45,97.49,1,0
91.74,76.36,69.01,78.64,100.0,100.0,99.08,95.38,94.72,100.0,86.31,1,0
100.0,100.0,92.99,100.0,96.25,100.0,100.0,94.57,100.0,100.0,100.0,1,0
33.4,33.4,41.63,0.0,8.39,38.73,5.04,7.75,18.93,21.69,37.92,0,1
85.92,64.24,76.69,100.0,89.94,89.47,100.0,81.4,90.44,89.76,82.4,1,0
59.02,73.86,54.0,43.31,55.84,54.05,68.31,60.89,79.47,74.81,55.53,1,1
100.0,100.0,100.0,100.0,100.0,89.2,100.0,100.0,98.25,90.03,100.0,1,0
96.3,93.23,85.79,100.0,89.83,89.39,92.23,76.58,92.22,99.37,93.12,1,0
100.0,87.47,100.0,100.0,96.13,100.0,100.0,100.0,100.0,89.52,99.02,1,0
65.84,76.3,79.96,74.19,59.6,72.82,84.12,60.81,53.71,92.26,75.77,1,1
81.16,68.82,62.16,62.38,42.73,77.85,74.54,69.98,84.7,46.16,59.76,1,0
55.7,84.7,93.41,66.19,55.39,84.23,55.0,66.12,62.51,47.08,61.11,1,1
56.48,68.51,57.01,68.69,65.82,69.51,77.67,52.6,59.06,85.24,55.7,1,1
50.19,61.27,54.62,41.87,44.49,52.98,73.19,60.86,57.11,43.31,71.69,1,1
49.15,43.4,29.7,64.29,43.26,68.57,65.43,62.18,62.74,42.38,73.9,1,1
78.85,67.2,59.41,61.44,91.03,75.54,78.29,96.18,70.45,65.77,67.45,1,0
71.89,55.63,62.66,51.15,49.2,74.05,62.82,71.93,59.97,39.7,45.42,0,1
76.5,78.67,68.06,92.53,61.71,82.73,82.58,79.57,67.15,88.18,84.04,1,0
53.46,45.79,35.3,31.77,35.89,42.63,38.62,29.66,58.48,56.64,26.8,0,1
100.0,75.15,70.73,71.28,92.96,68.91,77.81,99.9,87.87,83.31,100.0,1,0
100.0,100.0,100.0,95.03,88.66,100.0,96.27,100.0,100.0,97.48,100.0,1,0
77.31,72.79,59.75,53.81,73.36,73.85,71.17,90.65,62.96,94.06,67.81,1,0
30.54,21.9,38.09,41.47,19.51,30.13,44.75,28.6,26.36,14.51,36.41,0,1
51.1,76.08,69.29,62.09,78.44,84.01,53.53,69.09,98.79,79.37,78.73,1,1
86.85,92.14,83.01,90.23,76.05,87.17,92.25,85.64,90.02,87.61,94.9,1,0
95.18,97.48,100.0,100.0,100.0,99.06,100.0,100.0,92.41,88.87,93.84,1,0
50.09,68.13,54.15,47.3,50.01,73.44,83.78,70.56,72.29,82.92,46.64,0,1
81.73,76.75,88.26,100.0,96.9,86.49,78.16,74.75,100.0,72.24,82.66,1,0
76.39,70.2,84.16,71.09,55.93,81.66,70.3,85.91,72.0,71.55,81.06,1,0
33.47,69.74,63.16,54.97,70.56,83.5,67.01,62.32,73.42,46.74,58.85,1,1
92.82,64.78,89.59,100.0,100.0,92.5,94.26,67.86,100.0,75.56,72.99,1,0
82.39,93.11,81.65,68.68,98.86,79.91,100.0,99.12,92.27,100.0,100.0,1,0
88.65,68.4,95.75,68.89,62.99,80.21,76.98,88.26,81.78,86.71,73.8,1,0
41.8,48.16,69.15,59.35,35.94,76.19,51.69,64.46,40.45,11.03,30.1,0,1
0.53,12.68,0.0,4.81,12.92,19.01,21.2,26.25,1.97,9.27,0.0,0,1
38.18,47.75,35.63,35.23,41.29,57.66,59.42,60.77,60.15,36.51,63.42,1,1
82.96,86.16,65.18,61.51,65.06,82.4,67.48,92.57,91.98,82.66,86.01,1,0
98.71,100.0,97.36,100.0,100.0,91.67,95.0,100.0,100.0,99.75,93.57,1,0
77.73,100.0,100.0,97.85,100.0,91.99,95.4,95.26,92.18,100.0,100.0,1,0
33.59,59.42,52.56,52.27,57.21,53.26,54.81,63.69,48.0,53.42,31.71,0,1
60.01,54.79,56.39,58.8,48.38,64.56,67.51,74.36,62.89,46.37,53.47,1,1
10.56,55.17,52.19,36.39,25.56,36.49,37.28,58.03,40.38,53.45,38.38,0,1
63.31,48.51,53.98,72.05,48.84,53.53,67.44,55.5,58.57,65.33,50.38,1,1
91.3,61.23,100.0,75.5,77.73,91.18,77.63,100.0,99.17,83.26,82.42,1,0
49.54,35.28,62.86,49.6,60.2,71.13,71.3,48.41,61.73,70.46,61.99,1,1
58.97,59.62,51.21,68.33,58.66,60.75,48.2,61.5,77.33,31.69,61.3,1,1
63.47,68.43,60.15,77.99,44.78,63.48,72.82,80.07,68.23,51.63,60.83,1,1
67.59,51.34,75.54,80.03,89.92,85.54,85.03,79.89,59.31,76.14,73.28,1,1
95.01,85.61,79.5,80.89,76.16,80.59,58.72,71.28,75.02,82.19,55.61,1,0
85.52,88.81,100.0,77.27,100.0,82.08,100.0,89.66,85.31,100.0,90.4,1,0
32.31,55.55,65.04,67.21,39.36,57.77,33.91,52.33,64.08,50.58,46.86,0,1
72.26,54.91,90.96,86.73,47.94,78.24,79.32,93.23,79.4,77.03,76.91,1,0
56.99,61.78,45.79,83.03,61.84,75.09,57.27,73.97,74.81,75.96,84.71,1,1
61.83,75.42,61.61,55.74,42.63,69.39,59.17,69.62,56.48,73.74,60.37,1,1
100.0,82.45,100.0,56.57,100.0,93.96,95.46,100.0,100.0,100.0,87.94,1,0
96.84,67.98,92.89,86.56,79.38,75.99,84.69,78.75,98.8,83.31,73.81,1,0
75.01,71.73,94.28,68.92,64.2,82.94,83.09,73.03,70.92,95.6,68.7,1,0
36.09,54.1,35.1,50.22,55.77,52.55,39.2,39.64,67.49,35.04,55.74,1,1
100.0,100.0,96.19,95.36,80.34,88.5,96.43,100.0,100.0,100.0,100.0,1,0
91.06,79.5,71.01,86.67,64.93,88.37,100.0,100.0,99.91,100.0,85.96,1,0
87.66,88.61,81.48,89.96,90.89,76.82,99.61,78.76,82.35,89.75,93.3,1,0
90.81,83.9,100.0,100.0,100.0,82.55,89.82,92.01,87.45,95.76,100.0,1,0
73.68,69.93,58.21,60.83,54.5,90.36,60.68,84.9,60.78,81.89,82.04,1,0
81.02,90.35,73.44,84.53,69.69,75.15,82.33,82.93,92.26,61.81,100.0,1,0
43.86,48.24,58.4,60.27,47.73,58.66,42.04,53.5,59.28,16.09,51.31,1,1
98.14,98.57,76.14,95.55,100.0,100.0,97.09,100.0,100.0,74.74,97.51,1,0
19.49,22.96,28.95,35.49,20.48,8.28,37.95,10.18,20.68,12.54,20.04,0,1
32.49,25.66,58.06,43.64,70.6,23.77,45.07,47.85,43.28,32.57,52.94,1,1
62.8,48.76,50.28,41.56,62.45,70.64,57.99,74.11,52.87,32.36,62.97,1,1
67.36,71.65,83.16,77.08,74.06,84.14,76.34,68.0,80.56,79.57,66.34,1,1
45.9,26.32,14.59,43.3,51.48,45.63,27.24,44.51,30.86,13.97,37.02,0,1
70.86,79.8,72.94,75.75,81.99,94.36,86.69,90.01,83.87,86.08,91.17,1,0
90.37,100.0,82.9,100.0,100.0,100.0,100.0,97.66,100.0,100.0,92.78,1,0
87.14,81.22,81.51,82.17,72.69,99.53,97.27,97.94,100.0,85.48,62.77,1,0
92.47,83.26,79.92,93.69,49.79,89.06,96.11,85.44,82.83,86.07,97.84,1,0
97.73,69.73,81.12,78.47,61.37,70.23,75.42,56.04,82.95,41.31,69.92,1,0
100.0,100.0,100.0,100.0,99.79,94.28,100.0,100.0,84.45,86.65,100.0,1,0
51.89,72.83,55.4,67.22,40.84,62.79,52.92,52.54,67.41,53.15,38.33,0,1
42.82,6.52,28.43,29.31,27.5,29.05,43.16,45.12,46.18,35.65,38.0,0,1
54.37,53.65,62.66,77.57,71.22,63.57,72.67,58.92,63.57,42.35,72.35,1,1
49.39,17.75,10.78,14.44,34.2,52.0,51.59,42.99,43.33,36.51,38.24,0,1
85.07,96.12,83.61,76.13,95.75,86.14,77.31,72.09,54.28,100.0,68.55,1,0
95.19,75.83,100.0,88.32,97.33,100.0,100.0,94.75,100.0,90.03,91.81,1,0
73.88,67.25,76.09,89.33,74.51,86.62,79.36,100.0,99.5,75.7,82.68,1,0
87.52,70.15,60.51,71.32,79.78,81.14,77.5,84.72,84.1,83.26,67.63,1,0
62.33,39.72,33.94,53.53,46.63,43.91,58.6,47.99,66.02,31.52,38.81,0,1
76.73,59.0,83.97,65.15,80.39,84.67,59.81,80.06,72.91,80.45,62.48,1,0
44.22,72.61,54.62,74.49,66.9,64.86,67.66,67.17,75.8,84.66,93.54,1,1
100.0,89.29,94.06,72.2,85.16,100.0,100.0,96.16,100.0,66.77,86.47,1,0
92.77,95.96,65.36,86.11,100.0,79.55,82.25,86.27,92.92,59.56,43.63,0,0
100.0,89.43,100.0,83.56,84.14,100.0,100.0,100.0,81.87,91.11,100.0,1,0
30.76,57.31,48.99,37.59,52.43,40.7,54.58,37.1,38.56,43.29,41.51,0,1
81.35,44.41,59.59,69.65,100.0,88.64,100.0,99.08,76.34,57.11,91.71,1,0
51.78,49.47,51.59,48.77,31.7,49.28,74.91,56.36,64.64,33.47,36.21,0,1
81.37,68.89,43.78,77.94,48.25,79.76,69.91,79.94,63.18,84.29,73.07,1,0
70.84,83.06,68.52,100.0,81.7,78.76,90.96,92.4,88.85,75.05,85.19,1,0
37.27,46.76,31.79,28.62,14.29,35.81,39.81,18.01,46.89,20.52,28.85,0,1
96.2,89.72,86.0,100.0,100.0,99.54,100.0,100.0,100.0,86.46,94.22,1,0
